transaction_id,customer_id,date,category,product,store,quantity,unit_price,total_amount,discount_applied
TXN00001,CUST0017,2025-09-24,Electronics,Will Electronics,Store_LA,1,210.17,1381.85,False
TXN00002,CUST0111,2025-06-11,Groceries,Successful Groceries,Store_NYC,2,151.17,572.61,False
TXN00003,CUST0095,2026-03-26,Electronics,Deal Electronics,Store_LA,3,396.04,1253.87,True
TXN00004,CUST0099,2025-08-20,Home & Kitchen,Chance Home,Store_NYC,5,120.16,306.49,False
TXN00005,CUST0177,2026-01-22,Clothing,Yourself Clothing,Store_NYC,1,91.3,622.15,False
TXN00006,CUST0199,2025-08-10,Home & Kitchen,Serious Home,Store_NYC,4,347.45,1402.47,False
TXN00007,CUST0155,2026-04-20,Beauty,Remember Beauty,Store_Phoenix,4,224.5,1200.09,False
TXN00008,CUST0083,2025-10-12,Groceries,Crime Groceries,Store_Phoenix,3,22.67,465.56,True
TXN00009,CUST0068,2025-09-28,Groceries,System Groceries,Store_Phoenix,1,383.92,358.63,False
TXN00010,CUST0178,2025-06-25,Groceries,Anyone Groceries,Store_LA,5,223.58,1630.35,True
TXN00011,CUST0090,2026-03-08,Home & Kitchen,Enough Home,Store_Chicago,4,173.32,1343.57,True
TXN00012,CUST0123,2025-12-11,Groceries,Power Groceries,Store_Houston,4,151.23,1890.94,True
TXN00013,CUST0062,2025-09-27,Home & Kitchen,Three Home,Store_NYC,3,133.68,240.68,False
TXN00014,CUST0052,2026-06-03,Beauty,Discuss Beauty,Store_NYC,5,236.37,117.87,False
TXN00015,CUST0049,2026-01-07,Beauty,Want Beauty,Store_Houston,4,382.4,415.08,True
TXN00016,CUST0028,2025-10-09,Groceries,Serious Groceries,Store_Houston,4,69.5,1946.56,True
TXN00017,CUST0033,2025-12-27,Clothing,May Clothing,Store_Chicago,5,16.7,821.9,True
TXN00018,CUST0144,2025-11-28,Electronics,Mean Electronics,Store_Houston,1,327.38,316.4,False
TXN00019,CUST0123,2026-05-19,Beauty,Million Beauty,Store_Chicago,4,419.01,1960.69,True
TXN00020,CUST0027,2025-10-09,Home & Kitchen,Guess Home,Store_Phoenix,2,197.96,1844.52,True
TXN00021,CUST0078,2026-01-16,Electronics,Beautiful Electronics,Store_Chicago,4,176.54,1577.56,False
TXN00022,CUST0039,2025-06-22,Electronics,Market Electronics,Store_Chicago,3,420.36,1164.05,False
TXN00023,CUST0129,2025-10-23,Clothing,Citizen Clothing,Store_Houston,5,247.33,671.56,False
TXN00024,CUST0196,2026-01-14,Home & Kitchen,Local Home,Store_Chicago,2,490.58,485.22,False
TXN00025,CUST0080,2025-06-15,Clothing,Television Clothing,Store_Houston,1,165.91,951.22,False
TXN00026,CUST0102,2026-01-01,Home & Kitchen,Within Home,Store_LA,4,482.76,261.23,False
TXN00027,CUST0035,2026-02-06,Electronics,Past Electronics,Store_Houston,1,267.72,919.29,True
TXN00028,CUST0193,2025-12-21,Home & Kitchen,Thousand Home,Store_LA,1,240.05,1938.72,False
TXN00029,CUST0018,2026-01-05,Beauty,Data Beauty,Store_Houston,1,427.36,1706.16,False
TXN00030,CUST0010,2026-04-21,Groceries,Organization Groceries,Store_Houston,5,27.59,146.16,False
TXN00031,CUST0160,2025-10-01,Clothing,House Clothing,Store_NYC,4,489.39,1523.14,True
TXN00032,CUST0171,2025-07-17,Home & Kitchen,Begin Home,Store_LA,3,452.68,101.52,True
TXN00033,CUST0088,2026-04-06,Groceries,Improve Groceries,Store_Chicago,3,221.04,495.95,False
TXN00034,CUST0083,2025-11-13,Beauty,Cause Beauty,Store_LA,2,95.78,1222.89,False
TXN00035,CUST0192,2025-06-19,Beauty,Unit Beauty,Store_LA,4,457.29,294.8,False
TXN00036,CUST0022,2025-07-23,Groceries,Majority Groceries,Store_Houston,3,336.75,1798.83,False
TXN00037,CUST0132,2026-02-09,Groceries,Camera Groceries,Store_Phoenix,2,46.19,1891.02,False
TXN00038,CUST0056,2026-01-22,Home & Kitchen,Itself Home,Store_Chicago,4,424.2,406.44,False
TXN00039,CUST0080,2025-12-28,Home & Kitchen,Book Home,Store_NYC,2,196.87,724.33,False
TXN00040,CUST0019,2026-02-18,Groceries,Test Groceries,Store_NYC,4,144.5,1136.2,True
TXN00041,CUST0200,2025-08-11,Beauty,Phone Beauty,Store_Houston,3,390.11,467.94,False
TXN00042,CUST0034,2025-06-13,Clothing,Course Clothing,Store_LA,5,132.81,1513.6,True
TXN00043,CUST0171,2025-08-20,Electronics,Too Electronics,Store_NYC,3,396.42,76.4,False
TXN00044,CUST0056,2025-09-24,Clothing,Travel Clothing,Store_NYC,3,170.09,836.85,True
TXN00045,CUST0088,2025-08-08,Clothing,International Clothing,Store_Phoenix,3,270.12,1827.84,True
TXN00046,CUST0173,2026-05-30,Groceries,Cup Groceries,Store_Houston,3,375.81,684.04,True
TXN00047,CUST0006,2025-07-30,Home & Kitchen,Point Home,Store_NYC,2,379.53,458.97,False
TXN00048,CUST0089,2026-05-15,Beauty,Western Beauty,Store_Chicago,1,397.43,37.7,True
TXN00049,CUST0022,2025-08-17,Home & Kitchen,So Home,Store_Chicago,3,296.43,1646.61,False
TXN00050,CUST0162,2025-07-02,Electronics,Military Electronics,Store_LA,4,22.26,1769.63,False
TXN00051,CUST0076,2026-05-30,Beauty,Him Beauty,Store_LA,1,321.35,933.89,False
TXN00052,CUST0042,2026-03-11,Home & Kitchen,Size Home,Store_NYC,2,32.22,84.05,False
TXN00053,CUST0118,2026-04-03,Electronics,Defense Electronics,Store_NYC,2,444.76,279.97,False
TXN00054,CUST0013,2025-12-01,Groceries,Recently Groceries,Store_Phoenix,4,297.8,1455.93,False
TXN00055,CUST0008,2025-08-29,Electronics,Other Electronics,Store_Houston,5,209.98,1903.53,True
TXN00056,CUST0084,2025-07-24,Groceries,Skin Groceries,Store_LA,4,227.9,479.86,False
TXN00057,CUST0108,2025-08-29,Electronics,Upon Electronics,Store_Chicago,5,451.83,1293.21,True
TXN00058,CUST0079,2025-06-16,Home & Kitchen,Large Home,Store_Chicago,2,484.42,1898.53,False
TXN00059,CUST0111,2026-04-22,Electronics,Glass Electronics,Store_LA,5,485.84,110.65,False
TXN00060,CUST0083,2025-10-08,Clothing,Hope Clothing,Store_LA,5,110.55,1661.34,True
TXN00061,CUST0152,2025-07-28,Beauty,Protect Beauty,Store_LA,2,170.99,303.63,True
TXN00062,CUST0046,2025-10-06,Groceries,Approach Groceries,Store_LA,2,274.71,1599.04,True
TXN00063,CUST0082,2025-07-19,Electronics,Focus Electronics,Store_LA,1,185.54,1578.98,False
TXN00064,CUST0166,2026-02-26,Electronics,Public Electronics,Store_LA,3,35.68,1486.02,True
TXN00065,CUST0151,2026-02-13,Electronics,Bit Electronics,Store_Houston,4,391.23,1031.34,True
TXN00066,CUST0198,2025-08-29,Home & Kitchen,Few Home,Store_Phoenix,2,473.25,96.3,False
TXN00067,CUST0001,2026-05-28,Home & Kitchen,Same Home,Store_NYC,1,499.31,1696.12,False
TXN00068,CUST0177,2025-06-23,Electronics,Represent Electronics,Store_Houston,4,46.01,170.77,True
TXN00069,CUST0038,2025-10-02,Electronics,Surface Electronics,Store_LA,3,315.92,1174.88,False
TXN00070,CUST0181,2025-07-23,Home & Kitchen,Bit Home,Store_Phoenix,5,154.5,1016.05,False
TXN00071,CUST0156,2026-02-11,Electronics,Glass Electronics,Store_NYC,5,363.21,437.9,False
TXN00072,CUST0193,2025-12-11,Clothing,Age Clothing,Store_Houston,3,415.44,803.47,True
TXN00073,CUST0008,2026-04-30,Groceries,Science Groceries,Store_Houston,3,335.9,754.86,True
TXN00074,CUST0085,2025-08-27,Home & Kitchen,Tree Home,Store_NYC,1,417.57,195.53,True
TXN00075,CUST0162,2025-08-17,Groceries,Daughter Groceries,Store_LA,5,39.39,1913.68,False
TXN00076,CUST0067,2026-01-05,Electronics,Great Electronics,Store_Houston,3,438.07,1882.85,False
TXN00077,CUST0143,2026-04-02,Electronics,Around Electronics,Store_Chicago,5,163.1,216.17,True
TXN00078,CUST0049,2026-02-13,Clothing,Collection Clothing,Store_Houston,2,425.16,706.73,False
TXN00079,CUST0020,2026-05-24,Electronics,Space Electronics,Store_Chicago,5,120.82,863.93,True
TXN00080,CUST0017,2025-08-20,Beauty,Discuss Beauty,Store_Chicago,1,98.4,1408.37,False
TXN00081,CUST0119,2026-02-27,Groceries,Only Groceries,Store_Chicago,1,98.89,295.07,False
TXN00082,CUST0192,2025-11-02,Electronics,Film Electronics,Store_LA,1,54.96,1065.66,False
TXN00083,CUST0054,2025-09-11,Home & Kitchen,Against Home,Store_Houston,3,87.13,630.16,False
TXN00084,CUST0119,2026-05-06,Beauty,Possible Beauty,Store_Phoenix,1,442.84,319.6,True
TXN00085,CUST0118,2025-09-06,Electronics,Although Electronics,Store_Chicago,4,334.35,976.47,False
TXN00086,CUST0039,2026-05-02,Home & Kitchen,Attack Home,Store_Chicago,2,379.92,236.5,False
TXN00087,CUST0169,2026-04-23,Electronics,That Electronics,Store_Chicago,5,248.45,1337.59,True
TXN00088,CUST0022,2026-02-04,Clothing,Wonder Clothing,Store_Houston,5,36.84,416.8,True
TXN00089,CUST0058,2025-06-22,Clothing,Expert Clothing,Store_Chicago,3,170.78,25.38,False
TXN00090,CUST0075,2025-11-09,Clothing,I Clothing,Store_LA,4,270.97,467.92,False
TXN00091,CUST0088,2025-06-18,Electronics,Agree Electronics,Store_Houston,1,223.75,924.91,True
TXN00092,CUST0027,2026-03-09,Groceries,Among Groceries,Store_Phoenix,4,290.97,1421.9,False
TXN00093,CUST0166,2025-08-14,Groceries,Mention Groceries,Store_NYC,4,20.22,656.29,False
TXN00094,CUST0147,2025-08-11,Groceries,Between Groceries,Store_NYC,4,423.8,494.2,False
TXN00095,CUST0079,2026-05-30,Beauty,Cost Beauty,Store_NYC,4,436.56,1494.15,True
TXN00096,CUST0075,2026-05-01,Groceries,Movement Groceries,Store_LA,1,260.14,236.91,True
TXN00097,CUST0014,2026-03-16,Groceries,Season Groceries,Store_Chicago,2,125.77,301.42,True
TXN00098,CUST0103,2025-11-27,Clothing,Reflect Clothing,Store_Phoenix,2,382.51,1314.46,True
TXN00099,CUST0084,2025-08-03,Home & Kitchen,Method Home,Store_Houston,5,382.34,903.32,False
TXN00100,CUST0023,2025-12-09,Groceries,Daughter Groceries,Store_LA,4,43.46,889.99,False
TXN00101,CUST0151,2026-03-14,Groceries,Feel Groceries,Store_Phoenix,1,182.45,157.64,False
TXN00102,CUST0145,2026-03-23,Home & Kitchen,Know Home,Store_NYC,1,190.68,581.28,True
TXN00103,CUST0111,2026-04-29,Beauty,Main Beauty,Store_Phoenix,5,198.4,1164.86,True
TXN00104,CUST0161,2025-12-15,Home & Kitchen,Stop Home,Store_Phoenix,2,167.55,956.5,True
TXN00105,CUST0013,2026-03-17,Electronics,Cost Electronics,Store_Houston,1,407.37,1676.38,True
TXN00106,CUST0021,2025-10-20,Beauty,Western Beauty,Store_LA,1,131.39,881.14,False
TXN00107,CUST0056,2025-07-23,Beauty,Offer Beauty,Store_Phoenix,5,87.79,751.98,False
TXN00108,CUST0069,2025-06-14,Home & Kitchen,Look Home,Store_Houston,3,342.66,114.21,False
TXN00109,CUST0036,2025-09-10,Electronics,Same Electronics,Store_Chicago,1,283.4,779.26,False
TXN00110,CUST0102,2025-09-14,Beauty,Yes Beauty,Store_LA,3,49.94,1330.59,False
TXN00111,CUST0134,2026-01-09,Groceries,Improve Groceries,Store_Houston,2,301.57,1876.62,False
TXN00112,CUST0198,2025-09-16,Beauty,People Beauty,Store_Houston,3,408.46,1343.53,True
TXN00113,CUST0043,2026-05-05,Home & Kitchen,Same Home,Store_Phoenix,3,18.93,624.64,True
TXN00114,CUST0021,2026-02-17,Groceries,Draw Groceries,Store_Houston,2,121.01,283.76,True
TXN00115,CUST0017,2025-07-25,Groceries,Natural Groceries,Store_NYC,5,387.73,1671.89,True
TXN00116,CUST0058,2025-08-11,Groceries,Five Groceries,Store_Phoenix,2,302.65,316.96,True
TXN00117,CUST0142,2025-07-21,Beauty,Mrs Beauty,Store_LA,4,31.41,734.96,True
TXN00118,CUST0181,2026-05-04,Home & Kitchen,Try Home,Store_Phoenix,3,378.67,1569.76,True
TXN00119,CUST0166,2026-01-12,Beauty,Care Beauty,Store_LA,3,483.14,1570.9,True
TXN00120,CUST0153,2026-05-22,Groceries,Crime Groceries,Store_Phoenix,4,236.22,570.73,False
TXN00121,CUST0023,2026-04-23,Beauty,Crime Beauty,Store_Phoenix,4,483.47,1635.61,True
TXN00122,CUST0043,2025-12-22,Groceries,Star Groceries,Store_NYC,4,438.32,1113.54,True
TXN00123,CUST0086,2025-12-07,Beauty,Together Beauty,Store_NYC,3,51.1,329.02,False
TXN00124,CUST0194,2026-03-20,Beauty,Whatever Beauty,Store_LA,4,54.94,1821.9,False
TXN00125,CUST0140,2025-11-19,Groceries,Before Groceries,Store_NYC,4,36.1,1008.99,True
TXN00126,CUST0111,2025-10-09,Home & Kitchen,Fly Home,Store_NYC,3,120.02,644.18,True
TXN00127,CUST0044,2025-08-17,Groceries,Each Groceries,Store_LA,2,28.77,1835.62,False
TXN00128,CUST0159,2025-09-05,Clothing,Human Clothing,Store_Houston,4,311.52,1812.66,True
TXN00129,CUST0078,2025-12-20,Groceries,Radio Groceries,Store_LA,2,278.91,1457.2,False
TXN00130,CUST0050,2025-07-14,Electronics,Medical Electronics,Store_Chicago,2,157.56,105.02,False
TXN00131,CUST0058,2026-02-09,Beauty,Mrs Beauty,Store_Houston,1,64.32,1811.24,True
TXN00132,CUST0137,2025-09-22,Beauty,Large Beauty,Store_Phoenix,2,362.09,589.63,True
TXN00133,CUST0079,2025-11-11,Beauty,Ball Beauty,Store_Chicago,2,289.63,382.75,True
TXN00134,CUST0054,2025-10-09,Beauty,Face Beauty,Store_Chicago,1,477.17,1092.72,True
TXN00135,CUST0183,2026-04-24,Home & Kitchen,Figure Home,Store_Houston,1,321.48,1962.27,False
TXN00136,CUST0019,2026-04-05,Electronics,Knowledge Electronics,Store_Chicago,1,178.95,1468.55,True
TXN00137,CUST0010,2026-04-08,Beauty,Miss Beauty,Store_Chicago,2,31.72,1096.57,True
TXN00138,CUST0061,2025-09-05,Home & Kitchen,Teacher Home,Store_Houston,2,407.63,135.57,False
TXN00139,CUST0108,2026-02-06,Electronics,Guess Electronics,Store_Chicago,2,31.47,406.94,True
TXN00140,CUST0048,2025-07-20,Groceries,Between Groceries,Store_Chicago,5,205.13,1632.66,False
TXN00141,CUST0124,2026-02-12,Groceries,While Groceries,Store_NYC,2,150.19,1725.66,True
TXN00142,CUST0199,2025-12-30,Groceries,Difference Groceries,Store_Chicago,1,401.68,879.53,False
TXN00143,CUST0095,2026-01-18,Home & Kitchen,Trouble Home,Store_Houston,3,487.12,997.44,False
TXN00144,CUST0002,2026-04-11,Groceries,Feel Groceries,Store_Phoenix,3,402.56,1456.89,True
TXN00145,CUST0096,2025-07-13,Home & Kitchen,Of Home,Store_Phoenix,2,277.28,649.21,True
TXN00146,CUST0005,2026-05-05,Groceries,Movement Groceries,Store_Chicago,3,228.5,1438.15,True
TXN00147,CUST0033,2025-11-15,Home & Kitchen,Like Home,Store_Chicago,4,30.75,1741.37,False
TXN00148,CUST0144,2026-02-25,Beauty,Create Beauty,Store_Houston,3,323.34,1585.04,True
TXN00149,CUST0062,2025-10-15,Electronics,Memory Electronics,Store_Houston,3,261.41,1502.3,True
TXN00150,CUST0048,2025-07-26,Electronics,Morning Electronics,Store_LA,5,342.26,881.96,True
TXN00151,CUST0113,2025-11-15,Electronics,Laugh Electronics,Store_LA,3,187.45,1899.44,True
TXN00152,CUST0156,2025-12-28,Beauty,Part Beauty,Store_LA,4,474.92,750.31,True
TXN00153,CUST0019,2025-12-29,Beauty,Including Beauty,Store_LA,5,189.81,635.63,False
TXN00154,CUST0079,2025-08-02,Clothing,Avoid Clothing,Store_NYC,1,370.48,1003.1,False
TXN00155,CUST0150,2025-08-24,Beauty,Animal Beauty,Store_NYC,3,389.73,1411.04,True
TXN00156,CUST0047,2025-08-13,Beauty,Tree Beauty,Store_Chicago,4,108.09,280.1,True
TXN00157,CUST0113,2025-12-26,Home & Kitchen,Magazine Home,Store_LA,4,498.66,1622.92,False
TXN00158,CUST0186,2025-07-17,Groceries,Term Groceries,Store_NYC,5,275.66,1783.75,True
TXN00159,CUST0083,2026-02-16,Clothing,Television Clothing,Store_Chicago,5,119.88,1970.41,True
TXN00160,CUST0084,2026-05-15,Clothing,Inside Clothing,Store_Houston,1,186.84,1148.83,False
TXN00161,CUST0080,2025-06-25,Beauty,Collection Beauty,Store_LA,5,443.28,140.84,False
TXN00162,CUST0023,2026-05-05,Home & Kitchen,Fast Home,Store_Phoenix,4,386.89,1648.45,True
TXN00163,CUST0027,2026-04-17,Clothing,Safe Clothing,Store_Chicago,1,230.49,1363.42,False
TXN00164,CUST0131,2025-12-03,Clothing,Trip Clothing,Store_Phoenix,5,99.16,1932.87,False
TXN00165,CUST0166,2026-04-04,Beauty,Green Beauty,Store_NYC,1,263.87,615.21,True
TXN00166,CUST0099,2025-12-05,Groceries,Particularly Groceries,Store_LA,3,474.27,1042.61,False
TXN00167,CUST0123,2026-02-05,Electronics,Heavy Electronics,Store_Chicago,2,321.18,1106.17,True
TXN00168,CUST0014,2025-10-12,Groceries,Pay Groceries,Store_Phoenix,5,55.78,1285.56,True
TXN00169,CUST0057,2025-12-01,Clothing,Charge Clothing,Store_Phoenix,5,175.43,1848.62,True
TXN00170,CUST0001,2026-03-11,Electronics,Feeling Electronics,Store_NYC,1,474.79,1544.33,False
TXN00171,CUST0179,2026-03-12,Clothing,Worry Clothing,Store_Phoenix,4,312.87,70.27,False
TXN00172,CUST0080,2025-08-24,Groceries,Though Groceries,Store_Houston,2,404.3,1373.13,False
TXN00173,CUST0090,2025-08-09,Home & Kitchen,Energy Home,Store_NYC,1,87.46,837.09,False
TXN00174,CUST0158,2025-08-05,Clothing,Natural Clothing,Store_Chicago,5,80.4,1724.36,False
TXN00175,CUST0078,2026-04-22,Groceries,Election Groceries,Store_Houston,2,382.73,1034.81,True
TXN00176,CUST0136,2026-06-09,Groceries,Site Groceries,Store_LA,4,70.04,904.7,True
TXN00177,CUST0133,2025-11-22,Electronics,Big Electronics,Store_NYC,3,473.24,1729.69,False
TXN00178,CUST0039,2025-08-28,Clothing,Section Clothing,Store_LA,3,467.54,1445.05,True
TXN00179,CUST0065,2025-10-07,Clothing,Such Clothing,Store_Houston,5,238.74,1759.36,False
TXN00180,CUST0139,2026-05-07,Electronics,By Electronics,Store_NYC,4,257.67,1933.71,True
TXN00181,CUST0057,2025-07-17,Beauty,Know Beauty,Store_Chicago,1,34.76,994.84,False
TXN00182,CUST0112,2026-01-31,Groceries,Ready Groceries,Store_Phoenix,1,425.11,867.55,False
TXN00183,CUST0124,2026-01-20,Groceries,Mission Groceries,Store_Houston,3,32.17,111.8,True
TXN00184,CUST0175,2026-03-16,Groceries,Prevent Groceries,Store_Phoenix,3,46.03,1013.47,False
TXN00185,CUST0143,2026-01-05,Beauty,Far Beauty,Store_Phoenix,1,73.05,202.4,False
TXN00186,CUST0163,2026-03-03,Groceries,Strategy Groceries,Store_Phoenix,3,379.93,406.13,False
TXN00187,CUST0057,2026-06-02,Beauty,Debate Beauty,Store_NYC,1,29.07,1430.05,False
TXN00188,CUST0027,2025-08-06,Beauty,Seek Beauty,Store_Houston,2,307.07,1035.86,False
TXN00189,CUST0124,2026-01-04,Beauty,Rest Beauty,Store_Chicago,2,202.55,1236.84,False
TXN00190,CUST0116,2026-03-02,Beauty,Compare Beauty,Store_Chicago,5,415.86,1069.36,False
TXN00191,CUST0113,2026-03-31,Home & Kitchen,These Home,Store_NYC,3,172.31,228.11,False
TXN00192,CUST0146,2025-10-21,Beauty,Speak Beauty,Store_Chicago,1,302.49,538.41,True
TXN00193,CUST0100,2026-01-14,Electronics,Yes Electronics,Store_Phoenix,4,93.55,1261.76,False
TXN00194,CUST0059,2026-01-28,Clothing,Bar Clothing,Store_LA,1,290.56,1404.04,True
TXN00195,CUST0110,2025-10-12,Electronics,Study Electronics,Store_Houston,3,215.2,831.79,True
TXN00196,CUST0109,2026-03-01,Home & Kitchen,Key Home,Store_Phoenix,5,461.06,1746.91,True
TXN00197,CUST0085,2026-05-25,Clothing,Art Clothing,Store_Phoenix,2,284.83,1996.26,False
TXN00198,CUST0022,2026-04-08,Beauty,Street Beauty,Store_Houston,3,478.78,924.73,False
TXN00199,CUST0198,2026-02-19,Beauty,Usually Beauty,Store_Chicago,3,308.94,392.61,True
TXN00200,CUST0156,2025-11-18,Groceries,Most Groceries,Store_Phoenix,3,120.18,1946.09,False
TXN00201,CUST0193,2026-05-10,Groceries,Worry Groceries,Store_LA,4,165.35,704.12,False
TXN00202,CUST0155,2026-06-09,Groceries,Help Groceries,Store_NYC,5,341.54,765.59,False
TXN00203,CUST0031,2025-12-10,Groceries,Two Groceries,Store_LA,3,30.61,1911.07,True
TXN00204,CUST0099,2025-07-02,Groceries,Individual Groceries,Store_Houston,3,376.2,435.83,False
TXN00205,CUST0009,2026-03-27,Beauty,American Beauty,Store_Chicago,2,63.52,1484.37,True
TXN00206,CUST0107,2025-12-29,Clothing,Bill Clothing,Store_NYC,5,120.58,473.34,True
TXN00207,CUST0001,2025-10-13,Home & Kitchen,Stuff Home,Store_Chicago,4,59.27,1543.82,True
TXN00208,CUST0032,2025-09-17,Beauty,Institution Beauty,Store_LA,4,329.92,1762.49,False
TXN00209,CUST0051,2026-01-27,Home & Kitchen,Challenge Home,Store_LA,3,167.37,1295.34,True
TXN00210,CUST0085,2026-02-11,Beauty,Beat Beauty,Store_LA,5,371.96,1702.16,True
TXN00211,CUST0171,2025-08-19,Clothing,Itself Clothing,Store_Houston,2,467.62,82.32,False
TXN00212,CUST0178,2025-10-26,Home & Kitchen,May Home,Store_LA,3,439.6,28.44,True
TXN00213,CUST0127,2026-03-05,Groceries,Check Groceries,Store_Chicago,4,494.66,1091.17,False
TXN00214,CUST0156,2025-06-17,Clothing,Hotel Clothing,Store_Phoenix,4,143.69,1619.54,False
TXN00215,CUST0083,2026-03-05,Clothing,Son Clothing,Store_Houston,3,362.11,38.03,False
TXN00216,CUST0120,2026-04-01,Groceries,Some Groceries,Store_Phoenix,2,95.99,1713.73,False
TXN00217,CUST0153,2025-12-14,Home & Kitchen,Single Home,Store_Phoenix,3,52.5,1341.82,True
TXN00218,CUST0116,2025-06-13,Clothing,Few Clothing,Store_Houston,3,468.55,23.59,False
TXN00219,CUST0061,2026-02-13,Clothing,Own Clothing,Store_Houston,3,477.48,610.87,True
TXN00220,CUST0009,2026-04-27,Groceries,Whatever Groceries,Store_Chicago,2,40.44,245.27,False
TXN00221,CUST0104,2026-05-16,Clothing,Here Clothing,Store_Houston,5,462.32,1776.72,False
TXN00222,CUST0137,2026-03-26,Electronics,Live Electronics,Store_Chicago,3,311.17,446.07,True
TXN00223,CUST0130,2026-05-29,Home & Kitchen,Want Home,Store_LA,4,376.39,1215.42,False
TXN00224,CUST0022,2025-07-31,Beauty,Forward Beauty,Store_Houston,5,402.98,1652.95,True
TXN00225,CUST0112,2025-10-03,Beauty,Pay Beauty,Store_NYC,5,228.91,1410.49,True
TXN00226,CUST0054,2025-09-23,Beauty,Expert Beauty,Store_NYC,1,416.1,1806.75,True
TXN00227,CUST0138,2025-07-26,Beauty,Act Beauty,Store_Phoenix,2,90.62,1710.43,False
TXN00228,CUST0020,2026-01-05,Electronics,Series Electronics,Store_LA,5,249.53,1798.79,False
TXN00229,CUST0061,2025-11-28,Electronics,State Electronics,Store_Houston,2,261.49,919.03,True
TXN00230,CUST0042,2025-09-01,Beauty,Line Beauty,Store_Houston,3,364.41,797.94,True
TXN00231,CUST0056,2025-08-20,Clothing,Thought Clothing,Store_Phoenix,1,32.19,695.61,True
TXN00232,CUST0049,2026-02-28,Beauty,Say Beauty,Store_NYC,1,493.21,949.42,False
TXN00233,CUST0125,2026-06-03,Home & Kitchen,Until Home,Store_LA,2,385.26,1956.88,False
TXN00234,CUST0096,2025-11-27,Groceries,Himself Groceries,Store_Houston,4,436.11,1814.47,False
TXN00235,CUST0053,2026-05-13,Electronics,Young Electronics,Store_Phoenix,2,330.23,702.06,True
TXN00236,CUST0059,2025-07-21,Beauty,Short Beauty,Store_Houston,5,72.4,1957.66,True
TXN00237,CUST0082,2026-05-17,Electronics,Media Electronics,Store_Chicago,4,340.01,1093.45,False
TXN00238,CUST0102,2025-07-13,Clothing,Writer Clothing,Store_LA,4,179.62,558.54,True
TXN00239,CUST0089,2025-06-17,Electronics,Upon Electronics,Store_Houston,5,385.37,1768.68,True
TXN00240,CUST0101,2025-09-05,Clothing,Wall Clothing,Store_LA,1,59.44,76.82,True
TXN00241,CUST0130,2026-03-31,Clothing,Administration Clothing,Store_NYC,4,225.09,1084.12,True
TXN00242,CUST0092,2026-02-07,Clothing,Enter Clothing,Store_Phoenix,3,124.74,1833.63,False
TXN00243,CUST0197,2026-03-03,Beauty,Bed Beauty,Store_Phoenix,3,126.08,1753.75,True
TXN00244,CUST0097,2025-08-12,Home & Kitchen,Save Home,Store_Chicago,3,39.87,1897.56,True
TXN00245,CUST0135,2026-04-08,Home & Kitchen,Those Home,Store_Phoenix,4,32.97,695.39,False
TXN00246,CUST0027,2026-03-29,Beauty,Seat Beauty,Store_Chicago,4,210.05,606.78,True
TXN00247,CUST0081,2025-06-21,Beauty,Agreement Beauty,Store_Houston,2,426.18,608.47,True
TXN00248,CUST0171,2025-09-27,Home & Kitchen,Know Home,Store_NYC,5,212.21,838.85,True
TXN00249,CUST0011,2025-10-07,Home & Kitchen,Than Home,Store_LA,3,109.63,1296.94,False
TXN00250,CUST0102,2026-01-10,Groceries,Shake Groceries,Store_NYC,5,365.05,389.06,False
TXN00251,CUST0017,2025-07-10,Home & Kitchen,Religious Home,Store_Phoenix,5,29.38,154.84,True
TXN00252,CUST0140,2025-11-07,Home & Kitchen,Side Home,Store_LA,3,158.56,1818.9,True
TXN00253,CUST0036,2025-11-29,Clothing,Before Clothing,Store_NYC,4,458.08,1394.3,True
TXN00254,CUST0080,2025-08-13,Home & Kitchen,Traditional Home,Store_LA,5,167.59,573.29,False
TXN00255,CUST0086,2025-08-10,Beauty,Meet Beauty,Store_Chicago,3,138.17,1030.5,False
TXN00256,CUST0179,2026-05-31,Home & Kitchen,Go Home,Store_NYC,4,383.2,647.26,True
TXN00257,CUST0053,2026-01-12,Groceries,Home Groceries,Store_Chicago,4,32.4,1729.53,True
TXN00258,CUST0117,2025-06-30,Electronics,Teacher Electronics,Store_Chicago,5,468.03,1162.49,False
TXN00259,CUST0108,2025-06-18,Groceries,Partner Groceries,Store_LA,2,171.63,765.88,True
TXN00260,CUST0178,2025-09-22,Home & Kitchen,Indicate Home,Store_Phoenix,3,136.09,1644.97,False
TXN00261,CUST0138,2026-01-14,Home & Kitchen,Today Home,Store_LA,3,92.94,1443.42,False
TXN00262,CUST0031,2026-02-26,Clothing,Lot Clothing,Store_Phoenix,1,266.73,1679.75,True
TXN00263,CUST0030,2026-05-30,Electronics,Wall Electronics,Store_NYC,4,77.37,1265.1,True
TXN00264,CUST0026,2025-11-23,Clothing,Interesting Clothing,Store_NYC,2,257.81,752.67,False
TXN00265,CUST0123,2025-08-09,Home & Kitchen,Choose Home,Store_NYC,1,270.78,828.56,True
TXN00266,CUST0007,2026-04-30,Beauty,Attention Beauty,Store_Chicago,5,488.96,44.11,False
TXN00267,CUST0031,2025-11-11,Clothing,Soldier Clothing,Store_NYC,1,266.95,489.53,False
TXN00268,CUST0144,2025-11-10,Groceries,Play Groceries,Store_Chicago,4,48.72,1919.0,False
TXN00269,CUST0165,2026-05-18,Beauty,Eight Beauty,Store_LA,2,156.99,1657.84,True
TXN00270,CUST0035,2025-11-13,Electronics,Fish Electronics,Store_NYC,4,195.84,1109.88,True
TXN00271,CUST0085,2025-08-27,Electronics,Opportunity Electronics,Store_LA,1,254.93,873.48,False
TXN00272,CUST0088,2025-08-12,Beauty,Plan Beauty,Store_NYC,5,460.38,467.24,False
TXN00273,CUST0177,2025-07-16,Groceries,Fly Groceries,Store_NYC,1,345.37,567.94,True
TXN00274,CUST0088,2026-03-20,Clothing,Effort Clothing,Store_Chicago,1,481.12,1178.2,False
TXN00275,CUST0010,2025-09-13,Electronics,Alone Electronics,Store_Chicago,2,286.34,1137.72,False
TXN00276,CUST0137,2026-01-13,Beauty,Clearly Beauty,Store_Chicago,4,380.25,288.5,True
TXN00277,CUST0092,2025-09-04,Beauty,Sport Beauty,Store_Chicago,1,57.87,471.97,True
TXN00278,CUST0082,2026-05-03,Groceries,Whatever Groceries,Store_Phoenix,5,477.88,799.44,False
TXN00279,CUST0193,2026-02-11,Electronics,Suggest Electronics,Store_Chicago,4,250.4,718.06,False
TXN00280,CUST0016,2025-12-19,Home & Kitchen,Attack Home,Store_LA,5,333.73,180.53,False
TXN00281,CUST0150,2025-10-26,Clothing,Item Clothing,Store_NYC,1,141.31,766.2,True
TXN00282,CUST0058,2025-08-21,Home & Kitchen,Concern Home,Store_Chicago,3,62.21,20.34,False
TXN00283,CUST0014,2025-06-25,Home & Kitchen,Poor Home,Store_Chicago,3,60.09,183.72,False
TXN00284,CUST0114,2025-08-26,Home & Kitchen,Civil Home,Store_Phoenix,5,261.1,215.55,True
TXN00285,CUST0084,2026-02-05,Groceries,Someone Groceries,Store_Phoenix,1,302.49,1571.03,False
TXN00286,CUST0198,2026-02-03,Electronics,Mr Electronics,Store_Chicago,4,200.02,178.55,True
TXN00287,CUST0040,2026-01-21,Beauty,Go Beauty,Store_Phoenix,2,345.8,347.31,False
TXN00288,CUST0013,2026-05-14,Groceries,Offer Groceries,Store_Chicago,4,81.51,342.74,False
TXN00289,CUST0011,2025-06-17,Home & Kitchen,Suddenly Home,Store_Chicago,4,393.51,728.64,True
TXN00290,CUST0083,2026-03-22,Home & Kitchen,General Home,Store_Phoenix,5,105.82,222.88,False
TXN00291,CUST0059,2026-05-16,Electronics,Relate Electronics,Store_Houston,3,422.39,765.98,False
TXN00292,CUST0153,2025-07-10,Home & Kitchen,Lawyer Home,Store_Chicago,4,409.58,1720.42,True
TXN00293,CUST0115,2026-03-09,Groceries,True Groceries,Store_Chicago,5,474.17,409.69,False
TXN00294,CUST0056,2025-08-26,Clothing,Believe Clothing,Store_Houston,3,152.81,1392.97,False
TXN00295,CUST0004,2025-09-09,Beauty,Current Beauty,Store_LA,3,194.27,1634.82,False
TXN00296,CUST0109,2025-07-30,Groceries,Various Groceries,Store_NYC,5,107.9,1994.56,True
TXN00297,CUST0085,2025-11-18,Beauty,Dog Beauty,Store_NYC,4,472.06,427.2,False
TXN00298,CUST0089,2026-05-01,Electronics,Produce Electronics,Store_Houston,4,78.2,612.64,False
TXN00299,CUST0039,2026-01-24,Clothing,Social Clothing,Store_Houston,4,46.24,1981.49,False
TXN00300,CUST0129,2025-08-12,Beauty,Most Beauty,Store_Houston,5,258.24,1841.58,False
TXN00301,CUST0195,2026-03-12,Beauty,Benefit Beauty,Store_NYC,3,353.8,1626.47,True
TXN00302,CUST0165,2026-01-18,Electronics,Sea Electronics,Store_LA,3,91.51,1229.23,False
TXN00303,CUST0113,2025-07-20,Groceries,Moment Groceries,Store_Houston,1,15.17,524.89,True
TXN00304,CUST0079,2025-09-21,Home & Kitchen,Dark Home,Store_Chicago,4,236.9,1362.32,True
TXN00305,CUST0183,2026-06-04,Groceries,Place Groceries,Store_NYC,4,61.23,837.79,True
TXN00306,CUST0187,2025-08-03,Electronics,Remember Electronics,Store_LA,3,162.83,916.11,True
TXN00307,CUST0042,2026-04-29,Beauty,Agent Beauty,Store_Houston,3,243.32,881.95,False
TXN00308,CUST0088,2025-07-19,Groceries,Court Groceries,Store_NYC,3,31.89,1424.45,True
TXN00309,CUST0002,2025-10-30,Groceries,Compare Groceries,Store_NYC,2,465.66,1483.57,True
TXN00310,CUST0026,2025-12-01,Beauty,Position Beauty,Store_LA,3,284.33,1917.34,True
TXN00311,CUST0087,2025-07-17,Home & Kitchen,Structure Home,Store_LA,2,323.83,869.95,True
TXN00312,CUST0105,2026-01-18,Beauty,Billion Beauty,Store_LA,4,300.18,783.78,True
TXN00313,CUST0038,2025-09-11,Clothing,Knowledge Clothing,Store_Chicago,1,292.9,1601.01,True
TXN00314,CUST0005,2026-05-17,Groceries,Mrs Groceries,Store_Chicago,2,234.2,532.08,False
TXN00315,CUST0022,2026-01-16,Beauty,Him Beauty,Store_Chicago,5,200.43,791.16,True
TXN00316,CUST0179,2025-08-22,Groceries,Oil Groceries,Store_Chicago,4,312.51,1629.34,False
TXN00317,CUST0093,2025-08-17,Beauty,Lay Beauty,Store_Phoenix,1,339.33,633.24,True
TXN00318,CUST0200,2026-03-03,Groceries,Give Groceries,Store_NYC,2,192.92,291.3,False
TXN00319,CUST0074,2026-04-24,Home & Kitchen,Realize Home,Store_Phoenix,2,291.65,851.85,False
TXN00320,CUST0103,2025-12-10,Beauty,Happy Beauty,Store_LA,5,91.76,584.78,True
TXN00321,CUST0006,2025-12-13,Groceries,Too Groceries,Store_Houston,5,36.27,724.49,True
TXN00322,CUST0075,2026-04-26,Home & Kitchen,Right Home,Store_LA,2,409.46,1928.02,False
TXN00323,CUST0180,2026-05-15,Home & Kitchen,Standard Home,Store_Houston,4,357.97,893.26,True
TXN00324,CUST0086,2025-09-07,Electronics,Card Electronics,Store_Phoenix,1,399.98,448.85,True
TXN00325,CUST0038,2026-03-21,Groceries,Big Groceries,Store_LA,5,151.45,1563.67,False
TXN00326,CUST0046,2025-11-13,Beauty,Alone Beauty,Store_Phoenix,1,290.63,543.1,False
TXN00327,CUST0081,2025-11-10,Beauty,Reach Beauty,Store_NYC,4,277.71,1979.65,True
TXN00328,CUST0005,2026-01-06,Clothing,Process Clothing,Store_Chicago,1,230.37,703.67,True
TXN00329,CUST0030,2026-06-06,Home & Kitchen,Senior Home,Store_NYC,2,112.84,1477.85,False
TXN00330,CUST0125,2026-03-24,Beauty,Poor Beauty,Store_Houston,2,311.91,1571.85,True
TXN00331,CUST0163,2026-05-19,Electronics,Economic Electronics,Store_Phoenix,3,270.82,1197.75,True
TXN00332,CUST0101,2026-01-12,Groceries,Senior Groceries,Store_Chicago,3,290.64,1905.27,True
TXN00333,CUST0146,2025-06-13,Clothing,Material Clothing,Store_Houston,1,496.32,1735.42,True
TXN00334,CUST0125,2026-02-06,Clothing,Bar Clothing,Store_LA,2,358.58,1658.68,False
TXN00335,CUST0112,2025-06-15,Home & Kitchen,Sell Home,Store_LA,5,319.88,1259.35,False
TXN00336,CUST0136,2026-05-07,Home & Kitchen,Miss Home,Store_NYC,1,207.4,1502.11,False
TXN00337,CUST0192,2025-06-27,Home & Kitchen,Organization Home,Store_Houston,3,295.16,1739.13,True
TXN00338,CUST0166,2025-07-07,Home & Kitchen,Push Home,Store_Chicago,1,399.88,801.45,False
TXN00339,CUST0055,2026-03-13,Clothing,Coach Clothing,Store_Houston,3,168.2,574.35,True
TXN00340,CUST0200,2025-08-13,Beauty,Answer Beauty,Store_Houston,3,448.14,1526.89,True
TXN00341,CUST0080,2025-06-12,Electronics,Whether Electronics,Store_Houston,1,70.88,1716.73,False
TXN00342,CUST0042,2026-03-10,Home & Kitchen,Drug Home,Store_NYC,4,109.14,1380.3,True
TXN00343,CUST0093,2025-09-16,Groceries,Pull Groceries,Store_LA,3,55.74,727.27,True
TXN00344,CUST0053,2025-09-15,Groceries,Worker Groceries,Store_LA,1,204.21,617.96,True
TXN00345,CUST0179,2025-11-10,Home & Kitchen,Practice Home,Store_NYC,1,10.53,958.85,True
TXN00346,CUST0081,2026-05-29,Beauty,Town Beauty,Store_LA,5,343.19,28.48,False
TXN00347,CUST0114,2026-01-10,Electronics,Prevent Electronics,Store_Houston,2,244.07,465.6,True
TXN00348,CUST0110,2026-01-30,Electronics,Somebody Electronics,Store_NYC,3,190.11,605.52,False
TXN00349,CUST0033,2025-10-25,Clothing,Yet Clothing,Store_LA,1,269.95,26.86,True
TXN00350,CUST0108,2025-06-28,Home & Kitchen,Call Home,Store_Chicago,2,317.76,311.23,False
TXN00351,CUST0141,2025-10-22,Beauty,Family Beauty,Store_Houston,2,52.48,209.93,True
TXN00352,CUST0191,2026-05-18,Beauty,Nothing Beauty,Store_Houston,3,481.99,635.86,True
TXN00353,CUST0114,2025-09-22,Clothing,Might Clothing,Store_Chicago,1,131.6,1205.99,False
TXN00354,CUST0046,2026-04-24,Electronics,Read Electronics,Store_Chicago,2,263.7,1023.95,False
TXN00355,CUST0180,2026-01-24,Groceries,Though Groceries,Store_NYC,2,252.49,234.36,False
TXN00356,CUST0100,2026-04-05,Beauty,Give Beauty,Store_NYC,5,445.48,34.01,False
TXN00357,CUST0002,2026-01-24,Groceries,Market Groceries,Store_LA,4,431.8,1141.08,False
TXN00358,CUST0041,2026-06-02,Beauty,Scientist Beauty,Store_LA,4,477.68,1543.03,True
TXN00359,CUST0073,2026-04-21,Beauty,Technology Beauty,Store_NYC,1,138.47,89.26,True
TXN00360,CUST0094,2026-03-26,Home & Kitchen,Somebody Home,Store_Phoenix,3,318.0,1007.09,False
TXN00361,CUST0045,2026-01-06,Home & Kitchen,Big Home,Store_Houston,1,323.86,1079.93,True
TXN00362,CUST0152,2026-01-13,Groceries,Call Groceries,Store_NYC,3,48.72,1842.64,True
TXN00363,CUST0156,2025-10-07,Beauty,Western Beauty,Store_Chicago,4,297.35,1528.82,True
TXN00364,CUST0072,2026-05-11,Groceries,Back Groceries,Store_Houston,2,38.37,181.56,False
TXN00365,CUST0103,2025-07-20,Electronics,Me Electronics,Store_Houston,5,308.33,625.49,True
TXN00366,CUST0033,2026-01-09,Electronics,Almost Electronics,Store_NYC,2,353.73,336.03,False
TXN00367,CUST0118,2025-09-23,Beauty,Special Beauty,Store_Phoenix,3,91.81,262.59,False
TXN00368,CUST0117,2026-01-08,Electronics,Father Electronics,Store_NYC,3,405.48,551.24,True
TXN00369,CUST0026,2026-01-08,Groceries,Certainly Groceries,Store_Phoenix,1,253.11,1026.46,True
TXN00370,CUST0129,2026-06-02,Home & Kitchen,According Home,Store_Phoenix,2,190.17,517.68,True
TXN00371,CUST0190,2025-10-23,Beauty,Clear Beauty,Store_NYC,2,372.98,15.11,True
TXN00372,CUST0017,2025-06-25,Clothing,I Clothing,Store_NYC,4,188.35,1841.25,True
TXN00373,CUST0098,2026-01-21,Electronics,Number Electronics,Store_Phoenix,4,120.01,504.04,False
TXN00374,CUST0032,2025-09-26,Groceries,Show Groceries,Store_NYC,5,192.68,1009.06,True
TXN00375,CUST0151,2025-10-10,Clothing,Sport Clothing,Store_LA,5,490.89,1908.62,True
TXN00376,CUST0022,2025-07-04,Home & Kitchen,Message Home,Store_Chicago,3,170.38,1110.65,True
TXN00377,CUST0037,2025-12-11,Groceries,Fast Groceries,Store_LA,3,286.27,614.78,True
TXN00378,CUST0062,2026-03-21,Home & Kitchen,Religious Home,Store_Chicago,5,486.21,1995.6,True
TXN00379,CUST0039,2026-04-04,Beauty,Church Beauty,Store_LA,2,13.13,825.97,True
TXN00380,CUST0148,2026-02-07,Beauty,Long Beauty,Store_Chicago,1,475.99,12.91,False
TXN00381,CUST0069,2026-04-20,Groceries,Focus Groceries,Store_NYC,2,269.61,483.95,False
TXN00382,CUST0176,2026-02-06,Electronics,Heart Electronics,Store_LA,3,55.58,1843.34,False
TXN00383,CUST0144,2026-04-16,Groceries,Future Groceries,Store_Houston,1,294.58,1015.8,False
TXN00384,CUST0168,2025-11-22,Electronics,Exactly Electronics,Store_Phoenix,5,40.52,1328.26,True
TXN00385,CUST0198,2025-12-27,Clothing,Really Clothing,Store_Chicago,3,426.95,1852.82,False
TXN00386,CUST0127,2026-04-22,Groceries,Bag Groceries,Store_Chicago,4,143.26,158.63,True
TXN00387,CUST0004,2026-02-01,Clothing,Put Clothing,Store_Phoenix,1,86.15,337.11,False
TXN00388,CUST0104,2025-08-12,Groceries,Commercial Groceries,Store_Houston,1,272.6,1929.62,True
TXN00389,CUST0088,2025-11-17,Home & Kitchen,Form Home,Store_Chicago,4,139.85,248.63,True
TXN00390,CUST0016,2026-03-16,Groceries,May Groceries,Store_Phoenix,1,115.36,1714.58,True
TXN00391,CUST0001,2025-11-10,Electronics,Follow Electronics,Store_LA,3,204.16,107.41,False
TXN00392,CUST0170,2025-10-03,Groceries,Building Groceries,Store_LA,1,476.53,1710.66,True
TXN00393,CUST0063,2025-11-23,Electronics,Start Electronics,Store_Houston,1,403.91,288.19,True
TXN00394,CUST0154,2026-01-25,Electronics,Individual Electronics,Store_LA,2,107.09,807.16,True
TXN00395,CUST0171,2025-07-31,Beauty,Focus Beauty,Store_Phoenix,3,459.54,159.22,True
TXN00396,CUST0150,2026-04-18,Clothing,Attention Clothing,Store_Houston,2,55.07,1696.08,False
TXN00397,CUST0062,2025-08-20,Electronics,Finish Electronics,Store_NYC,4,34.81,1849.02,False
TXN00398,CUST0190,2026-01-19,Home & Kitchen,Eye Home,Store_Houston,1,197.54,859.06,False
TXN00399,CUST0175,2025-12-22,Clothing,Your Clothing,Store_LA,3,147.13,1768.01,True
TXN00400,CUST0030,2025-09-12,Beauty,Father Beauty,Store_Phoenix,5,130.43,597.26,False
TXN00401,CUST0184,2026-05-29,Beauty,Together Beauty,Store_Houston,1,52.98,772.2,False
TXN00402,CUST0188,2025-09-25,Clothing,Third Clothing,Store_Phoenix,2,319.07,1606.31,True
TXN00403,CUST0197,2026-01-04,Home & Kitchen,Big Home,Store_Chicago,4,276.81,974.51,False
TXN00404,CUST0044,2025-10-12,Home & Kitchen,Later Home,Store_Chicago,2,22.77,1198.26,True
TXN00405,CUST0193,2026-04-03,Groceries,Commercial Groceries,Store_NYC,4,269.42,1536.02,True
TXN00406,CUST0168,2026-01-29,Clothing,War Clothing,Store_NYC,2,331.86,540.39,True
TXN00407,CUST0146,2025-08-29,Clothing,Arrive Clothing,Store_Phoenix,4,183.85,1680.05,True
TXN00408,CUST0045,2025-10-29,Clothing,Just Clothing,Store_LA,5,165.82,1478.83,False
TXN00409,CUST0004,2026-02-11,Beauty,Brother Beauty,Store_NYC,3,474.3,1131.58,True
TXN00410,CUST0061,2026-04-08,Home & Kitchen,This Home,Store_Phoenix,3,96.02,85.55,True
TXN00411,CUST0178,2026-02-03,Clothing,Election Clothing,Store_Phoenix,2,19.76,961.2,False
TXN00412,CUST0168,2026-02-02,Beauty,Second Beauty,Store_LA,2,176.97,363.15,False
TXN00413,CUST0029,2026-01-21,Electronics,Skin Electronics,Store_NYC,2,297.44,1835.28,True
TXN00414,CUST0122,2026-02-20,Beauty,I Beauty,Store_Chicago,1,193.06,1884.43,False
TXN00415,CUST0198,2025-08-10,Beauty,Offer Beauty,Store_NYC,3,157.86,281.54,True
TXN00416,CUST0106,2026-02-24,Home & Kitchen,Process Home,Store_Houston,3,95.36,1937.8,False
TXN00417,CUST0052,2025-07-12,Clothing,On Clothing,Store_Phoenix,2,195.41,1470.65,False
TXN00418,CUST0111,2025-08-03,Clothing,Tough Clothing,Store_LA,1,474.91,1897.91,False
TXN00419,CUST0047,2026-04-14,Beauty,Behind Beauty,Store_NYC,2,305.17,1842.87,True
TXN00420,CUST0092,2025-07-30,Beauty,Say Beauty,Store_NYC,4,78.92,1493.23,True
TXN00421,CUST0061,2025-12-13,Groceries,Evening Groceries,Store_Chicago,2,321.73,1926.53,False
TXN00422,CUST0151,2025-12-26,Home & Kitchen,Beat Home,Store_NYC,3,112.75,1389.42,False
TXN00423,CUST0152,2025-12-21,Groceries,Which Groceries,Store_NYC,1,33.59,882.06,False
TXN00424,CUST0126,2025-09-05,Clothing,Difference Clothing,Store_Houston,4,442.07,708.95,False
TXN00425,CUST0004,2025-11-17,Electronics,Top Electronics,Store_Houston,5,328.98,1377.45,True
TXN00426,CUST0077,2026-04-13,Home & Kitchen,Plan Home,Store_NYC,1,154.51,644.25,True
TXN00427,CUST0081,2025-12-07,Electronics,Production Electronics,Store_Chicago,2,445.09,330.2,True
TXN00428,CUST0038,2025-06-22,Beauty,Interest Beauty,Store_NYC,3,301.07,1231.15,False
TXN00429,CUST0168,2025-10-02,Electronics,Cause Electronics,Store_Houston,2,307.59,874.06,True
TXN00430,CUST0111,2025-07-04,Electronics,Interest Electronics,Store_Chicago,2,487.46,824.47,False
TXN00431,CUST0187,2025-12-09,Groceries,While Groceries,Store_Chicago,2,57.0,791.88,False
TXN00432,CUST0145,2026-05-23,Clothing,Today Clothing,Store_NYC,3,11.87,184.38,False
TXN00433,CUST0136,2026-02-23,Clothing,Chair Clothing,Store_NYC,1,111.41,1280.0,True
TXN00434,CUST0053,2026-02-06,Home & Kitchen,World Home,Store_NYC,3,394.59,947.18,False
TXN00435,CUST0029,2026-01-08,Electronics,Might Electronics,Store_Phoenix,4,100.59,1772.13,False
TXN00436,CUST0131,2026-03-01,Clothing,Benefit Clothing,Store_Houston,1,139.02,935.47,True
TXN00437,CUST0109,2025-07-31,Groceries,Me Groceries,Store_Phoenix,1,84.05,1395.98,True
TXN00438,CUST0122,2025-11-25,Electronics,Maybe Electronics,Store_Chicago,5,212.85,1515.35,True
TXN00439,CUST0136,2025-09-03,Beauty,Avoid Beauty,Store_NYC,4,411.02,843.08,False
TXN00440,CUST0152,2025-09-22,Beauty,Early Beauty,Store_LA,4,156.44,795.66,True
TXN00441,CUST0095,2025-07-10,Beauty,Industry Beauty,Store_Phoenix,5,402.22,1358.29,True
TXN00442,CUST0170,2026-02-09,Electronics,Fill Electronics,Store_Houston,2,475.04,342.66,True
TXN00443,CUST0080,2025-08-16,Clothing,Couple Clothing,Store_LA,1,217.45,1976.68,False
TXN00444,CUST0055,2025-06-20,Clothing,Play Clothing,Store_LA,5,136.36,1822.5,True
TXN00445,CUST0025,2025-07-05,Electronics,Understand Electronics,Store_Houston,5,204.7,658.99,False
TXN00446,CUST0042,2026-04-17,Beauty,Together Beauty,Store_Houston,1,395.41,1249.89,False
TXN00447,CUST0034,2025-10-31,Electronics,Newspaper Electronics,Store_Houston,2,82.62,1179.99,True
TXN00448,CUST0109,2026-01-12,Electronics,Friend Electronics,Store_Phoenix,1,395.02,1736.28,False
TXN00449,CUST0159,2025-10-28,Home & Kitchen,Tonight Home,Store_Chicago,4,330.85,1148.33,False
TXN00450,CUST0029,2026-01-31,Electronics,Bit Electronics,Store_LA,3,207.46,1240.31,False
TXN00451,CUST0125,2026-04-13,Electronics,Blue Electronics,Store_Houston,3,348.35,108.09,False
TXN00452,CUST0200,2026-02-28,Groceries,Since Groceries,Store_Chicago,1,175.55,1589.37,False
TXN00453,CUST0096,2025-08-18,Groceries,Suggest Groceries,Store_Houston,1,486.52,463.64,False
TXN00454,CUST0020,2025-10-30,Home & Kitchen,World Home,Store_Chicago,3,367.11,1213.91,True
TXN00455,CUST0191,2025-08-03,Clothing,Central Clothing,Store_Houston,2,457.58,820.27,False
TXN00456,CUST0075,2026-02-03,Beauty,Itself Beauty,Store_Chicago,1,262.48,326.36,False
TXN00457,CUST0012,2026-03-20,Beauty,Whom Beauty,Store_Houston,2,392.45,1053.33,True
TXN00458,CUST0162,2025-09-30,Clothing,Under Clothing,Store_LA,2,420.12,506.49,False
TXN00459,CUST0079,2025-08-24,Electronics,Identify Electronics,Store_Chicago,2,144.25,1648.78,False
TXN00460,CUST0114,2025-10-29,Electronics,Force Electronics,Store_NYC,2,192.51,1192.15,True
TXN00461,CUST0162,2026-05-19,Home & Kitchen,Painting Home,Store_Phoenix,5,181.38,335.39,False
TXN00462,CUST0080,2025-10-29,Electronics,Crime Electronics,Store_Chicago,1,199.42,334.19,True
TXN00463,CUST0049,2025-08-22,Clothing,Yes Clothing,Store_LA,2,141.85,824.92,True
TXN00464,CUST0162,2025-11-17,Electronics,My Electronics,Store_Houston,2,327.21,1206.27,True
TXN00465,CUST0084,2025-07-01,Clothing,Around Clothing,Store_Chicago,5,404.49,617.86,False
TXN00466,CUST0113,2025-07-29,Home & Kitchen,Before Home,Store_Houston,3,234.91,444.24,False
TXN00467,CUST0012,2025-08-11,Beauty,Television Beauty,Store_Phoenix,4,296.4,24.62,False
TXN00468,CUST0064,2025-09-14,Beauty,Cultural Beauty,Store_Phoenix,5,148.51,1371.98,False
TXN00469,CUST0162,2025-12-19,Electronics,Run Electronics,Store_Chicago,3,323.89,1724.37,False
TXN00470,CUST0150,2025-12-28,Groceries,Leader Groceries,Store_LA,2,263.47,488.2,True
TXN00471,CUST0121,2026-03-13,Beauty,None Beauty,Store_Houston,3,343.57,1445.35,False
TXN00472,CUST0132,2025-07-07,Groceries,Range Groceries,Store_Chicago,4,208.25,1476.1,True
TXN00473,CUST0045,2025-09-21,Groceries,Because Groceries,Store_LA,5,322.77,956.71,False
TXN00474,CUST0020,2026-01-10,Beauty,Should Beauty,Store_Chicago,2,421.91,1754.22,True
TXN00475,CUST0099,2026-04-04,Groceries,Discover Groceries,Store_NYC,4,72.69,524.72,True
TXN00476,CUST0107,2025-06-16,Groceries,Debate Groceries,Store_NYC,2,184.09,1490.98,False
TXN00477,CUST0131,2026-05-29,Home & Kitchen,Former Home,Store_Chicago,3,137.67,595.16,True
TXN00478,CUST0108,2026-05-25,Home & Kitchen,Deal Home,Store_NYC,5,294.35,1245.1,False
TXN00479,CUST0139,2025-10-22,Clothing,Must Clothing,Store_Phoenix,1,435.07,769.52,False
TXN00480,CUST0005,2025-12-19,Home & Kitchen,Community Home,Store_NYC,2,77.31,408.59,False
TXN00481,CUST0093,2025-12-12,Beauty,American Beauty,Store_Houston,2,165.03,1434.18,True
TXN00482,CUST0167,2026-03-28,Home & Kitchen,Include Home,Store_Chicago,2,163.57,125.45,False
TXN00483,CUST0117,2025-06-30,Groceries,Detail Groceries,Store_LA,2,292.38,325.29,True
TXN00484,CUST0194,2026-02-24,Clothing,None Clothing,Store_Phoenix,4,320.41,812.75,False
TXN00485,CUST0145,2025-06-22,Home & Kitchen,Find Home,Store_NYC,1,271.55,1464.01,True
TXN00486,CUST0004,2026-04-15,Groceries,Child Groceries,Store_Phoenix,2,18.78,18.21,True
TXN00487,CUST0177,2026-01-04,Clothing,Wish Clothing,Store_Chicago,3,73.18,773.27,False
TXN00488,CUST0022,2026-05-29,Clothing,Yet Clothing,Store_NYC,1,156.12,588.75,False
TXN00489,CUST0072,2025-08-05,Home & Kitchen,Simply Home,Store_LA,3,498.11,985.46,True
TXN00490,CUST0067,2025-12-09,Clothing,Matter Clothing,Store_Houston,1,121.92,1457.07,True
TXN00491,CUST0065,2025-09-19,Clothing,This Clothing,Store_NYC,5,257.27,255.09,True
TXN00492,CUST0023,2025-12-02,Home & Kitchen,Board Home,Store_Chicago,5,315.34,1191.91,True
TXN00493,CUST0148,2026-01-15,Electronics,Today Electronics,Store_NYC,1,347.98,839.38,False
TXN00494,CUST0100,2026-02-03,Electronics,Power Electronics,Store_Phoenix,3,242.45,314.72,True
TXN00495,CUST0086,2026-02-22,Groceries,Election Groceries,Store_Houston,1,334.62,547.25,True
TXN00496,CUST0002,2026-05-26,Home & Kitchen,Difficult Home,Store_NYC,5,362.2,244.29,True
TXN00497,CUST0123,2025-11-13,Electronics,You Electronics,Store_Houston,2,308.41,1558.14,True
TXN00498,CUST0172,2025-11-16,Groceries,General Groceries,Store_Houston,3,88.58,1100.8,True
TXN00499,CUST0027,2025-11-18,Home & Kitchen,Speech Home,Store_Chicago,2,11.34,1346.55,True
TXN00500,CUST0099,2026-05-05,Beauty,Even Beauty,Store_Houston,2,475.23,1561.26,True
TXN00501,CUST0029,2026-01-22,Electronics,Quality Electronics,Store_Chicago,2,233.81,1954.81,False
TXN00502,CUST0072,2026-05-29,Home & Kitchen,Sure Home,Store_NYC,1,408.46,1749.54,False
TXN00503,CUST0167,2025-08-02,Groceries,How Groceries,Store_Chicago,4,371.88,199.05,True
TXN00504,CUST0078,2026-02-14,Electronics,Prove Electronics,Store_LA,2,171.04,1790.11,False
TXN00505,CUST0091,2025-08-16,Electronics,Name Electronics,Store_Chicago,3,99.61,807.55,False
TXN00506,CUST0124,2026-04-14,Groceries,Prevent Groceries,Store_Houston,4,401.95,1301.2,True
TXN00507,CUST0009,2026-01-11,Electronics,Case Electronics,Store_LA,1,490.97,1690.26,True
TXN00508,CUST0094,2026-04-04,Home & Kitchen,Degree Home,Store_Phoenix,4,403.11,1360.0,True
TXN00509,CUST0184,2026-05-25,Beauty,Agreement Beauty,Store_Houston,3,309.57,1726.53,True
TXN00510,CUST0034,2026-02-27,Home & Kitchen,Record Home,Store_Houston,1,444.92,886.97,True
TXN00511,CUST0062,2025-07-31,Groceries,Window Groceries,Store_Chicago,1,355.24,1359.08,True
TXN00512,CUST0174,2026-04-23,Groceries,Discuss Groceries,Store_Phoenix,5,347.24,1240.3,False
TXN00513,CUST0191,2025-09-12,Clothing,Ago Clothing,Store_Houston,3,335.22,1286.39,True
TXN00514,CUST0119,2025-06-29,Beauty,Effect Beauty,Store_Phoenix,1,15.71,1869.4,False
TXN00515,CUST0053,2026-04-10,Home & Kitchen,Movement Home,Store_LA,1,378.2,648.06,False
TXN00516,CUST0146,2025-06-20,Groceries,Bag Groceries,Store_NYC,5,119.13,1290.2,False
TXN00517,CUST0130,2025-08-09,Clothing,Understand Clothing,Store_NYC,4,227.65,1150.34,True
TXN00518,CUST0147,2025-09-15,Home & Kitchen,Protect Home,Store_Houston,3,68.17,999.77,True
TXN00519,CUST0073,2025-10-28,Electronics,Challenge Electronics,Store_Houston,4,27.56,1102.71,True
TXN00520,CUST0171,2025-08-02,Beauty,Case Beauty,Store_Phoenix,3,446.15,1129.04,False
TXN00521,CUST0194,2026-03-10,Groceries,Check Groceries,Store_Chicago,1,410.13,1690.19,False
TXN00522,CUST0017,2026-03-11,Beauty,Strong Beauty,Store_Phoenix,5,241.84,1317.76,False
TXN00523,CUST0183,2025-11-29,Electronics,Write Electronics,Store_NYC,2,11.08,716.73,False
TXN00524,CUST0030,2025-10-20,Beauty,List Beauty,Store_Phoenix,3,354.03,101.1,True
TXN00525,CUST0130,2025-11-09,Home & Kitchen,Film Home,Store_LA,4,62.41,1225.6,True
TXN00526,CUST0051,2025-09-05,Electronics,Discover Electronics,Store_Houston,2,233.95,1565.03,False
TXN00527,CUST0035,2025-12-18,Electronics,Exist Electronics,Store_Houston,1,464.05,1676.56,True
TXN00528,CUST0199,2025-11-11,Home & Kitchen,Eight Home,Store_Houston,5,478.53,277.93,False
TXN00529,CUST0185,2026-05-21,Electronics,Show Electronics,Store_Phoenix,1,281.08,871.29,False
TXN00530,CUST0022,2026-06-09,Beauty,Nearly Beauty,Store_LA,5,95.09,1632.34,True
TXN00531,CUST0047,2025-06-30,Home & Kitchen,Another Home,Store_Phoenix,5,442.52,1013.18,False
TXN00532,CUST0140,2026-04-23,Home & Kitchen,Television Home,Store_Phoenix,2,144.06,1927.55,False
TXN00533,CUST0037,2026-04-30,Home & Kitchen,Which Home,Store_LA,2,212.25,1403.03,False
TXN00534,CUST0195,2025-11-07,Beauty,Book Beauty,Store_Chicago,5,319.97,409.77,False
TXN00535,CUST0019,2025-07-15,Groceries,Most Groceries,Store_LA,2,256.91,1391.68,False
TXN00536,CUST0112,2025-12-26,Electronics,Government Electronics,Store_Chicago,5,245.38,1145.57,False
TXN00537,CUST0014,2025-12-02,Beauty,Husband Beauty,Store_Chicago,4,406.07,1050.23,True
TXN00538,CUST0120,2025-07-17,Home & Kitchen,Author Home,Store_LA,1,338.42,407.81,True
TXN00539,CUST0167,2026-04-15,Groceries,Leader Groceries,Store_Chicago,2,421.3,1384.28,False
TXN00540,CUST0092,2025-10-16,Clothing,Important Clothing,Store_Phoenix,1,185.75,910.66,True
TXN00541,CUST0080,2025-12-06,Beauty,Computer Beauty,Store_Houston,2,260.35,1595.7,False
TXN00542,CUST0171,2025-12-05,Electronics,Hand Electronics,Store_Houston,4,214.12,1578.34,False
TXN00543,CUST0023,2026-02-01,Beauty,Care Beauty,Store_NYC,1,374.4,414.14,False
TXN00544,CUST0078,2025-07-01,Clothing,Summer Clothing,Store_Chicago,5,277.84,1210.74,True
TXN00545,CUST0110,2025-11-03,Groceries,Avoid Groceries,Store_Houston,2,491.89,158.19,True
TXN00546,CUST0129,2026-06-06,Beauty,Hope Beauty,Store_NYC,4,29.91,565.43,False
TXN00547,CUST0112,2026-02-01,Clothing,Good Clothing,Store_LA,5,424.55,21.23,False
TXN00548,CUST0076,2025-08-05,Clothing,Possible Clothing,Store_NYC,2,465.03,1197.79,False
TXN00549,CUST0097,2025-08-12,Home & Kitchen,Best Home,Store_Phoenix,5,185.46,1570.22,False
TXN00550,CUST0160,2026-04-27,Beauty,Available Beauty,Store_LA,2,265.1,1574.65,True
TXN00551,CUST0027,2026-03-27,Home & Kitchen,Others Home,Store_Phoenix,5,207.67,705.31,True
TXN00552,CUST0120,2025-09-12,Groceries,Party Groceries,Store_Chicago,3,153.85,1901.11,False
TXN00553,CUST0177,2025-08-03,Beauty,Student Beauty,Store_NYC,1,337.78,896.88,True
TXN00554,CUST0026,2025-09-01,Electronics,Include Electronics,Store_Chicago,4,458.81,1890.53,False
TXN00555,CUST0047,2025-08-22,Groceries,We Groceries,Store_Phoenix,3,22.11,1038.57,False
TXN00556,CUST0017,2025-10-08,Beauty,Visit Beauty,Store_Phoenix,4,248.53,599.9,True
TXN00557,CUST0148,2026-01-27,Groceries,Rest Groceries,Store_Phoenix,1,474.62,343.12,True
TXN00558,CUST0128,2026-05-06,Electronics,Which Electronics,Store_LA,2,433.83,854.18,True
TXN00559,CUST0192,2026-05-12,Clothing,Subject Clothing,Store_Phoenix,4,326.81,1880.1,True
TXN00560,CUST0165,2025-06-24,Electronics,Begin Electronics,Store_Houston,3,28.56,155.76,True
TXN00561,CUST0093,2026-01-26,Groceries,Exactly Groceries,Store_Phoenix,1,291.73,463.01,False
TXN00562,CUST0132,2025-09-16,Home & Kitchen,Think Home,Store_Houston,4,318.81,871.72,True
TXN00563,CUST0109,2026-01-23,Home & Kitchen,Each Home,Store_NYC,5,12.89,1443.37,True
TXN00564,CUST0038,2026-04-02,Beauty,Town Beauty,Store_NYC,1,185.27,1010.65,False
TXN00565,CUST0095,2026-03-03,Groceries,Pretty Groceries,Store_Phoenix,1,147.94,1854.11,False
TXN00566,CUST0059,2026-04-29,Home & Kitchen,Everyone Home,Store_NYC,4,86.6,447.53,False
TXN00567,CUST0044,2026-04-23,Beauty,Green Beauty,Store_Chicago,2,156.05,1775.09,False
TXN00568,CUST0194,2025-07-07,Electronics,Four Electronics,Store_Phoenix,5,79.27,93.13,False
TXN00569,CUST0194,2026-04-29,Beauty,Its Beauty,Store_Phoenix,1,159.3,1499.11,False
TXN00570,CUST0071,2026-02-04,Clothing,Card Clothing,Store_Houston,5,79.8,376.15,False
TXN00571,CUST0167,2026-05-03,Clothing,Sure Clothing,Store_NYC,2,338.78,1138.91,True
TXN00572,CUST0154,2026-05-23,Beauty,Heavy Beauty,Store_Houston,5,45.84,1346.65,False
TXN00573,CUST0063,2026-01-20,Electronics,Character Electronics,Store_LA,5,248.72,668.39,True
TXN00574,CUST0076,2025-07-27,Clothing,Result Clothing,Store_NYC,3,313.56,1801.24,False
TXN00575,CUST0044,2025-10-21,Home & Kitchen,Particularly Home,Store_Houston,3,312.01,618.29,True
TXN00576,CUST0155,2026-01-04,Beauty,Thus Beauty,Store_Phoenix,3,405.77,1917.73,True
TXN00577,CUST0128,2025-08-30,Electronics,Weight Electronics,Store_Chicago,2,394.97,1427.28,False
TXN00578,CUST0069,2025-06-13,Groceries,Fine Groceries,Store_Chicago,2,342.99,669.81,False
TXN00579,CUST0084,2026-04-27,Home & Kitchen,Set Home,Store_Houston,3,389.64,979.07,True
TXN00580,CUST0008,2026-01-15,Clothing,Office Clothing,Store_Phoenix,1,422.48,1718.84,True
TXN00581,CUST0114,2026-03-10,Beauty,Evening Beauty,Store_LA,3,369.44,1256.97,True
TXN00582,CUST0041,2026-01-02,Electronics,Real Electronics,Store_Phoenix,1,408.19,1162.01,True
TXN00583,CUST0007,2026-06-07,Electronics,Place Electronics,Store_Phoenix,3,276.3,1997.47,False
TXN00584,CUST0069,2026-02-05,Clothing,Measure Clothing,Store_Chicago,4,119.42,1546.57,False
TXN00585,CUST0040,2026-02-04,Clothing,Thought Clothing,Store_Houston,5,260.1,799.6,True
TXN00586,CUST0009,2025-08-01,Clothing,Budget Clothing,Store_Phoenix,2,381.03,289.34,True
TXN00587,CUST0117,2025-07-22,Clothing,Seat Clothing,Store_Phoenix,5,333.11,1935.79,False
TXN00588,CUST0075,2025-07-11,Groceries,Behind Groceries,Store_NYC,2,383.12,471.18,False
TXN00589,CUST0008,2025-08-15,Groceries,Share Groceries,Store_LA,1,337.61,1040.59,False
TXN00590,CUST0184,2025-12-31,Home & Kitchen,Company Home,Store_Houston,4,441.96,89.41,False
TXN00591,CUST0003,2025-12-23,Electronics,Fall Electronics,Store_Phoenix,3,419.09,534.0,True
TXN00592,CUST0199,2026-02-03,Home & Kitchen,Own Home,Store_Houston,3,297.96,1797.47,True
TXN00593,CUST0057,2025-11-16,Beauty,Identify Beauty,Store_Chicago,4,486.61,453.57,False
TXN00594,CUST0067,2026-01-13,Groceries,Light Groceries,Store_Chicago,4,398.4,1775.47,True
TXN00595,CUST0125,2026-03-16,Beauty,Day Beauty,Store_LA,4,91.15,163.41,False
TXN00596,CUST0077,2025-06-21,Clothing,Protect Clothing,Store_LA,2,87.11,1208.02,True
TXN00597,CUST0060,2026-05-11,Clothing,Wish Clothing,Store_Houston,3,362.93,968.22,False
TXN00598,CUST0019,2026-01-16,Home & Kitchen,Seat Home,Store_LA,5,89.01,1668.4,True
TXN00599,CUST0144,2026-04-03,Clothing,Guess Clothing,Store_NYC,2,291.01,330.65,True
TXN00600,CUST0186,2026-02-11,Beauty,Position Beauty,Store_LA,1,91.51,1845.67,False
TXN00601,CUST0011,2025-10-16,Beauty,Season Beauty,Store_Phoenix,1,440.47,1458.67,False
TXN00602,CUST0145,2026-03-04,Electronics,Model Electronics,Store_LA,4,307.2,948.11,False
TXN00603,CUST0090,2025-12-03,Clothing,Open Clothing,Store_LA,4,304.41,1591.29,True
TXN00604,CUST0020,2026-03-06,Beauty,Property Beauty,Store_Phoenix,3,92.18,1374.33,False
TXN00605,CUST0017,2026-05-16,Beauty,Day Beauty,Store_Phoenix,1,122.61,777.07,True
TXN00606,CUST0170,2026-04-29,Electronics,Only Electronics,Store_LA,5,431.2,1013.68,False
TXN00607,CUST0118,2025-10-10,Clothing,Economic Clothing,Store_Phoenix,1,96.94,1804.2,True
TXN00608,CUST0131,2025-06-29,Beauty,Stand Beauty,Store_Phoenix,1,55.66,1322.19,True
TXN00609,CUST0166,2026-06-06,Home & Kitchen,Travel Home,Store_Phoenix,4,191.48,96.44,False
TXN00610,CUST0034,2026-04-28,Clothing,Film Clothing,Store_Houston,4,181.75,1611.2,True
TXN00611,CUST0081,2025-08-13,Home & Kitchen,Nothing Home,Store_LA,3,243.8,472.7,True
TXN00612,CUST0055,2025-12-21,Groceries,The Groceries,Store_Phoenix,5,210.24,386.15,True
TXN00613,CUST0020,2026-01-02,Beauty,Life Beauty,Store_Phoenix,1,264.68,756.31,True
TXN00614,CUST0078,2025-10-02,Groceries,Dark Groceries,Store_Houston,3,62.23,857.88,False
TXN00615,CUST0032,2026-04-08,Groceries,Truth Groceries,Store_Phoenix,4,286.69,1227.64,False
TXN00616,CUST0109,2026-01-08,Clothing,Speak Clothing,Store_Houston,5,394.06,970.11,False
TXN00617,CUST0037,2025-11-12,Beauty,Red Beauty,Store_Phoenix,4,134.35,620.24,False
TXN00618,CUST0079,2025-11-14,Home & Kitchen,Audience Home,Store_LA,1,376.43,898.72,True
TXN00619,CUST0028,2025-07-25,Electronics,Less Electronics,Store_LA,5,206.27,683.49,True
TXN00620,CUST0163,2025-06-24,Clothing,Account Clothing,Store_Houston,1,404.14,1648.28,False
TXN00621,CUST0182,2026-01-15,Beauty,Answer Beauty,Store_Houston,1,41.4,451.32,True
TXN00622,CUST0105,2025-09-27,Beauty,Bed Beauty,Store_NYC,4,466.04,807.28,False
TXN00623,CUST0053,2026-03-30,Beauty,Itself Beauty,Store_NYC,2,323.74,883.55,True
TXN00624,CUST0001,2025-11-15,Beauty,Hospital Beauty,Store_Chicago,2,26.47,1203.03,True
TXN00625,CUST0186,2025-11-11,Beauty,Method Beauty,Store_LA,1,186.27,1313.49,True
TXN00626,CUST0149,2025-06-24,Electronics,Adult Electronics,Store_Chicago,4,183.03,796.33,True
TXN00627,CUST0058,2026-06-04,Beauty,Responsibility Beauty,Store_NYC,1,460.4,1103.69,False
TXN00628,CUST0161,2026-02-08,Groceries,Guy Groceries,Store_Chicago,2,307.12,397.11,False
TXN00629,CUST0170,2025-11-17,Beauty,Both Beauty,Store_NYC,3,95.77,1017.41,True
TXN00630,CUST0019,2025-06-23,Beauty,Last Beauty,Store_Chicago,3,474.04,1607.86,False
TXN00631,CUST0121,2025-09-28,Beauty,Newspaper Beauty,Store_Phoenix,3,350.15,1932.45,False
TXN00632,CUST0052,2026-05-09,Clothing,Practice Clothing,Store_Chicago,4,343.98,1794.08,True
TXN00633,CUST0018,2026-01-07,Home & Kitchen,Yard Home,Store_NYC,3,43.1,1270.99,True
TXN00634,CUST0080,2025-08-14,Clothing,Although Clothing,Store_Chicago,4,478.17,1037.84,True
TXN00635,CUST0125,2025-06-29,Groceries,Social Groceries,Store_LA,3,55.57,1350.66,False
TXN00636,CUST0016,2025-10-10,Electronics,Manage Electronics,Store_Phoenix,2,243.51,713.54,False
TXN00637,CUST0177,2025-11-27,Clothing,Professional Clothing,Store_LA,4,371.19,477.37,True
TXN00638,CUST0051,2025-09-30,Groceries,Break Groceries,Store_LA,2,109.36,506.89,False
TXN00639,CUST0034,2026-03-09,Clothing,Big Clothing,Store_NYC,1,460.89,1354.87,False
TXN00640,CUST0004,2025-08-25,Beauty,Sense Beauty,Store_NYC,5,479.42,1697.54,False
TXN00641,CUST0058,2025-10-06,Beauty,Idea Beauty,Store_Chicago,4,450.08,1763.16,False
TXN00642,CUST0087,2026-05-25,Home & Kitchen,Campaign Home,Store_LA,5,147.33,451.96,True
TXN00643,CUST0134,2025-07-20,Electronics,Up Electronics,Store_Phoenix,4,244.38,1086.13,False
TXN00644,CUST0178,2025-12-18,Home & Kitchen,Wear Home,Store_LA,4,488.49,1399.51,False
TXN00645,CUST0173,2026-01-17,Groceries,Hair Groceries,Store_NYC,1,340.31,765.06,True
TXN00646,CUST0197,2025-11-03,Groceries,Manager Groceries,Store_Chicago,5,432.3,382.43,False
TXN00647,CUST0098,2025-11-20,Clothing,Century Clothing,Store_Chicago,4,479.68,692.76,True
TXN00648,CUST0173,2025-11-06,Home & Kitchen,Size Home,Store_Houston,2,215.36,1506.87,False
TXN00649,CUST0004,2026-02-15,Home & Kitchen,Democratic Home,Store_Chicago,4,98.15,270.97,True
TXN00650,CUST0053,2025-06-14,Electronics,May Electronics,Store_Chicago,2,282.12,1714.05,True
TXN00651,CUST0133,2026-02-06,Clothing,Identify Clothing,Store_LA,4,404.78,361.45,False
TXN00652,CUST0055,2026-03-14,Clothing,Election Clothing,Store_Phoenix,5,363.07,1572.81,False
TXN00653,CUST0042,2025-07-13,Groceries,Culture Groceries,Store_Phoenix,5,33.38,206.96,True
TXN00654,CUST0059,2025-10-22,Electronics,Institution Electronics,Store_LA,3,243.5,1263.43,False
TXN00655,CUST0016,2025-10-04,Groceries,Television Groceries,Store_Chicago,3,186.55,1119.41,False
TXN00656,CUST0078,2026-06-08,Groceries,Out Groceries,Store_NYC,4,69.41,1736.06,True
TXN00657,CUST0056,2025-07-01,Beauty,Hour Beauty,Store_Phoenix,5,95.52,1562.82,False
TXN00658,CUST0117,2025-10-28,Groceries,One Groceries,Store_Phoenix,4,389.62,899.39,True
TXN00659,CUST0023,2025-10-19,Home & Kitchen,Hold Home,Store_Phoenix,3,237.24,1913.62,True
TXN00660,CUST0137,2025-08-06,Groceries,Work Groceries,Store_Houston,5,290.1,1699.31,True
TXN00661,CUST0100,2025-10-08,Electronics,Father Electronics,Store_LA,3,121.83,640.59,False
TXN00662,CUST0041,2025-12-28,Groceries,Professional Groceries,Store_Phoenix,4,142.91,895.35,False
TXN00663,CUST0088,2025-06-15,Beauty,Young Beauty,Store_Phoenix,4,212.85,375.93,True
TXN00664,CUST0065,2025-06-27,Clothing,Particularly Clothing,Store_LA,3,470.81,1404.39,True
TXN00665,CUST0057,2025-11-23,Clothing,Prepare Clothing,Store_LA,4,60.47,136.95,False
TXN00666,CUST0013,2026-05-23,Beauty,Force Beauty,Store_NYC,1,387.76,1052.73,True
TXN00667,CUST0026,2025-07-10,Electronics,Song Electronics,Store_Chicago,5,86.08,1313.12,False
TXN00668,CUST0095,2026-01-04,Groceries,Example Groceries,Store_LA,2,371.42,891.89,True
TXN00669,CUST0101,2025-08-18,Clothing,With Clothing,Store_Phoenix,2,24.0,1330.46,False
TXN00670,CUST0109,2025-06-30,Home & Kitchen,Every Home,Store_Houston,5,468.08,1101.61,True
TXN00671,CUST0178,2026-02-02,Beauty,Political Beauty,Store_LA,5,302.82,1265.78,False
TXN00672,CUST0083,2026-03-19,Beauty,Like Beauty,Store_Phoenix,3,455.37,968.49,True
TXN00673,CUST0051,2025-11-17,Electronics,Kid Electronics,Store_Houston,3,189.23,527.02,False
TXN00674,CUST0088,2025-08-24,Electronics,Ask Electronics,Store_NYC,5,409.54,1697.41,False
TXN00675,CUST0071,2025-12-02,Groceries,Collection Groceries,Store_Houston,5,14.08,1844.96,False
TXN00676,CUST0061,2026-05-17,Groceries,Drug Groceries,Store_NYC,4,401.0,1198.04,True
TXN00677,CUST0144,2025-09-22,Beauty,Responsibility Beauty,Store_Chicago,2,211.75,1125.5,False
TXN00678,CUST0081,2025-12-13,Clothing,Pm Clothing,Store_LA,4,415.93,448.98,True
TXN00679,CUST0145,2026-03-04,Home & Kitchen,Prevent Home,Store_LA,5,384.62,1820.81,False
TXN00680,CUST0096,2026-01-19,Groceries,Husband Groceries,Store_Phoenix,3,212.32,1708.43,True
TXN00681,CUST0150,2026-02-09,Clothing,Much Clothing,Store_Chicago,1,322.08,1239.28,False
TXN00682,CUST0078,2026-03-01,Beauty,Cultural Beauty,Store_Houston,2,167.12,312.78,True
TXN00683,CUST0178,2026-03-04,Clothing,Mr Clothing,Store_NYC,3,141.91,1433.24,True
TXN00684,CUST0054,2025-11-24,Clothing,Various Clothing,Store_NYC,2,17.22,442.2,False
TXN00685,CUST0197,2026-05-11,Groceries,Begin Groceries,Store_Houston,3,237.21,1584.94,False
TXN00686,CUST0141,2026-01-01,Electronics,First Electronics,Store_LA,1,140.59,790.92,False
TXN00687,CUST0010,2025-09-25,Clothing,Full Clothing,Store_LA,3,410.45,1658.22,True
TXN00688,CUST0134,2025-08-17,Clothing,Enough Clothing,Store_Houston,4,131.11,1989.13,True
TXN00689,CUST0048,2025-09-23,Home & Kitchen,Step Home,Store_NYC,5,336.34,424.81,False
TXN00690,CUST0138,2025-11-21,Groceries,Sort Groceries,Store_Chicago,2,318.29,93.95,True
TXN00691,CUST0060,2026-05-18,Groceries,Computer Groceries,Store_Houston,3,107.37,1776.16,True
TXN00692,CUST0094,2026-01-13,Electronics,Find Electronics,Store_LA,4,169.01,343.05,False
TXN00693,CUST0091,2026-03-27,Beauty,Sing Beauty,Store_NYC,4,396.68,27.77,True
TXN00694,CUST0095,2026-05-15,Beauty,Leg Beauty,Store_Houston,5,85.95,1543.89,True
TXN00695,CUST0072,2025-09-15,Clothing,Leave Clothing,Store_Houston,1,346.11,683.46,True
TXN00696,CUST0114,2026-02-14,Electronics,Down Electronics,Store_Chicago,2,353.65,1585.02,True
TXN00697,CUST0169,2026-06-02,Home & Kitchen,Difficult Home,Store_LA,3,491.02,1579.24,False
TXN00698,CUST0104,2025-10-15,Home & Kitchen,Mother Home,Store_LA,1,347.73,722.75,True
TXN00699,CUST0179,2025-06-13,Groceries,Keep Groceries,Store_NYC,4,356.25,1122.46,False
TXN00700,CUST0044,2026-02-12,Clothing,Economic Clothing,Store_Phoenix,2,276.37,654.12,False
TXN00701,CUST0028,2025-11-29,Groceries,Let Groceries,Store_Phoenix,5,88.57,1066.96,False
TXN00702,CUST0117,2026-05-12,Groceries,Myself Groceries,Store_Chicago,5,189.89,11.43,False
TXN00703,CUST0022,2026-02-08,Clothing,Upon Clothing,Store_NYC,5,429.85,1554.27,True
TXN00704,CUST0006,2025-10-19,Groceries,Subject Groceries,Store_NYC,5,411.33,387.84,False
TXN00705,CUST0007,2025-08-20,Beauty,Fight Beauty,Store_LA,5,148.73,825.51,False
TXN00706,CUST0142,2026-06-08,Electronics,Door Electronics,Store_NYC,5,332.86,97.12,True
TXN00707,CUST0039,2026-04-19,Clothing,Adult Clothing,Store_NYC,2,62.46,391.32,True
TXN00708,CUST0164,2026-06-09,Beauty,Some Beauty,Store_Houston,4,267.65,1405.61,False
TXN00709,CUST0077,2026-02-12,Electronics,Since Electronics,Store_Chicago,2,306.92,151.04,True
TXN00710,CUST0105,2026-01-04,Home & Kitchen,Outside Home,Store_NYC,4,402.5,130.79,False
TXN00711,CUST0010,2026-05-30,Groceries,Cell Groceries,Store_NYC,5,140.25,90.9,True
TXN00712,CUST0189,2025-12-13,Groceries,Miss Groceries,Store_NYC,2,480.69,203.27,True
TXN00713,CUST0174,2025-09-12,Beauty,Girl Beauty,Store_Houston,2,104.63,1317.18,True
TXN00714,CUST0079,2026-03-07,Beauty,Unit Beauty,Store_Phoenix,4,375.59,1534.9,False
TXN00715,CUST0043,2026-03-28,Home & Kitchen,Traditional Home,Store_Houston,1,91.74,368.99,False
TXN00716,CUST0159,2025-12-26,Beauty,Almost Beauty,Store_Chicago,2,271.61,1203.83,False
TXN00717,CUST0019,2026-05-23,Groceries,Focus Groceries,Store_Phoenix,3,423.98,830.56,False
TXN00718,CUST0073,2025-08-02,Groceries,Drug Groceries,Store_Phoenix,2,285.94,435.72,False
TXN00719,CUST0018,2025-10-10,Groceries,President Groceries,Store_Houston,4,480.31,10.39,True
TXN00720,CUST0184,2026-02-02,Groceries,Military Groceries,Store_Phoenix,1,263.63,1986.89,False
TXN00721,CUST0182,2025-12-25,Electronics,Among Electronics,Store_Chicago,2,115.26,636.66,False
TXN00722,CUST0025,2025-08-28,Beauty,Beautiful Beauty,Store_Phoenix,5,289.63,1147.51,True
TXN00723,CUST0065,2026-03-17,Electronics,People Electronics,Store_Houston,3,86.49,537.33,True
TXN00724,CUST0030,2026-01-10,Clothing,Run Clothing,Store_Chicago,3,55.03,805.6,True
TXN00725,CUST0181,2025-08-02,Electronics,Out Electronics,Store_Chicago,4,94.72,1653.15,True
TXN00726,CUST0008,2026-03-07,Beauty,Forget Beauty,Store_Chicago,1,368.09,1156.8,True
TXN00727,CUST0169,2025-07-12,Electronics,Child Electronics,Store_Chicago,3,441.1,874.27,True
TXN00728,CUST0050,2026-02-21,Clothing,Floor Clothing,Store_Phoenix,1,320.6,1268.07,True
TXN00729,CUST0137,2025-11-18,Groceries,Small Groceries,Store_Phoenix,1,166.47,1134.18,False
TXN00730,CUST0150,2025-07-25,Beauty,Practice Beauty,Store_LA,2,34.75,1465.84,False
TXN00731,CUST0073,2025-07-10,Home & Kitchen,Operation Home,Store_Phoenix,5,257.32,451.95,False
TXN00732,CUST0044,2025-08-12,Home & Kitchen,We Home,Store_LA,2,174.72,956.95,True
TXN00733,CUST0197,2025-09-10,Beauty,Opportunity Beauty,Store_Houston,3,51.69,1008.63,True
TXN00734,CUST0069,2026-05-15,Clothing,Together Clothing,Store_Houston,5,107.07,796.68,True
TXN00735,CUST0180,2025-08-05,Beauty,Team Beauty,Store_Phoenix,5,130.66,152.57,False
TXN00736,CUST0033,2026-04-10,Groceries,Many Groceries,Store_Phoenix,1,65.14,833.03,False
TXN00737,CUST0075,2025-12-15,Groceries,Left Groceries,Store_LA,3,178.82,1314.27,False
TXN00738,CUST0129,2025-09-16,Clothing,Place Clothing,Store_Chicago,5,412.58,1607.56,True
TXN00739,CUST0126,2026-05-08,Home & Kitchen,Leader Home,Store_NYC,2,107.85,753.9,True
TXN00740,CUST0074,2026-05-01,Electronics,Way Electronics,Store_NYC,2,474.98,1854.19,False
TXN00741,CUST0083,2025-10-09,Electronics,Natural Electronics,Store_Chicago,1,159.51,947.67,False
TXN00742,CUST0054,2026-01-27,Clothing,Open Clothing,Store_Phoenix,2,109.86,1051.3,False
TXN00743,CUST0008,2026-02-23,Beauty,Glass Beauty,Store_Houston,5,367.66,291.28,True
TXN00744,CUST0171,2025-12-06,Home & Kitchen,Life Home,Store_Phoenix,5,31.31,348.94,False
TXN00745,CUST0113,2025-06-24,Clothing,Increase Clothing,Store_Phoenix,3,36.01,1312.97,True
TXN00746,CUST0046,2026-03-16,Electronics,Church Electronics,Store_Houston,3,334.86,1826.61,False
TXN00747,CUST0018,2025-11-17,Electronics,Nearly Electronics,Store_NYC,3,435.03,1302.33,True
TXN00748,CUST0121,2025-11-20,Home & Kitchen,Follow Home,Store_Phoenix,1,452.9,974.48,True
TXN00749,CUST0112,2026-01-04,Clothing,Civil Clothing,Store_LA,5,483.73,1125.77,True
TXN00750,CUST0016,2025-09-13,Electronics,Hold Electronics,Store_LA,5,159.41,984.97,True
TXN00751,CUST0053,2026-03-22,Electronics,Election Electronics,Store_Chicago,3,184.14,611.63,False
TXN00752,CUST0106,2025-06-21,Electronics,Meet Electronics,Store_Chicago,4,446.3,1631.57,True
TXN00753,CUST0160,2025-12-24,Beauty,Compare Beauty,Store_Chicago,2,84.34,1795.38,True
TXN00754,CUST0111,2026-04-05,Electronics,Whether Electronics,Store_Houston,5,480.7,1228.77,True
TXN00755,CUST0053,2025-10-15,Home & Kitchen,Despite Home,Store_LA,5,84.85,1941.37,False
TXN00756,CUST0088,2025-10-14,Home & Kitchen,Reveal Home,Store_Phoenix,2,111.31,285.77,True
TXN00757,CUST0025,2025-10-02,Clothing,Since Clothing,Store_Chicago,5,455.69,865.83,True
TXN00758,CUST0143,2025-07-01,Beauty,Show Beauty,Store_LA,3,43.23,1070.59,True
TXN00759,CUST0059,2025-08-19,Clothing,Nothing Clothing,Store_Chicago,2,366.27,1533.22,False
TXN00760,CUST0035,2025-08-19,Home & Kitchen,Play Home,Store_Chicago,4,375.35,1645.18,False
TXN00761,CUST0079,2025-12-28,Clothing,Language Clothing,Store_LA,1,74.46,62.13,False
TXN00762,CUST0170,2025-11-08,Beauty,This Beauty,Store_Phoenix,5,123.15,472.04,True
TXN00763,CUST0190,2026-04-08,Groceries,Together Groceries,Store_NYC,4,75.7,1693.82,False
TXN00764,CUST0182,2026-01-11,Groceries,Civil Groceries,Store_LA,4,250.81,283.65,True
TXN00765,CUST0149,2026-05-31,Clothing,Responsibility Clothing,Store_NYC,4,384.62,39.88,False
TXN00766,CUST0165,2026-03-25,Home & Kitchen,Environmental Home,Store_LA,2,381.31,141.61,False
TXN00767,CUST0120,2025-12-28,Beauty,My Beauty,Store_Houston,3,434.72,1776.3,False
TXN00768,CUST0104,2026-01-09,Home & Kitchen,Finally Home,Store_NYC,5,370.31,766.94,False
TXN00769,CUST0151,2025-12-14,Home & Kitchen,Threat Home,Store_Phoenix,5,300.96,1055.21,True
TXN00770,CUST0131,2026-04-04,Beauty,Agree Beauty,Store_NYC,4,233.88,1756.76,True
TXN00771,CUST0042,2025-11-15,Beauty,Yes Beauty,Store_Phoenix,4,492.08,88.11,False
TXN00772,CUST0070,2025-09-21,Beauty,Fish Beauty,Store_NYC,2,152.68,802.1,False
TXN00773,CUST0065,2026-04-19,Groceries,Course Groceries,Store_Houston,2,217.01,1230.14,True
TXN00774,CUST0086,2025-08-02,Beauty,Institution Beauty,Store_LA,4,416.65,908.88,True
TXN00775,CUST0144,2026-04-26,Clothing,Goal Clothing,Store_Phoenix,5,76.3,832.98,False
TXN00776,CUST0189,2026-02-13,Electronics,Discuss Electronics,Store_LA,4,299.25,1428.14,True
TXN00777,CUST0086,2025-06-30,Home & Kitchen,People Home,Store_NYC,3,168.8,1300.67,True
TXN00778,CUST0089,2026-06-02,Electronics,These Electronics,Store_NYC,1,356.05,1271.8,True
TXN00779,CUST0020,2025-06-30,Beauty,Computer Beauty,Store_Houston,5,309.92,328.2,False
TXN00780,CUST0117,2026-05-14,Electronics,Than Electronics,Store_LA,3,287.09,1322.47,True
TXN00781,CUST0194,2025-09-18,Clothing,Ten Clothing,Store_LA,2,386.89,112.11,False
TXN00782,CUST0081,2025-07-08,Groceries,About Groceries,Store_Houston,3,316.96,243.93,True
TXN00783,CUST0195,2026-04-30,Clothing,Available Clothing,Store_NYC,5,385.04,34.29,False
TXN00784,CUST0089,2026-02-08,Home & Kitchen,Capital Home,Store_Phoenix,1,307.91,992.0,True
TXN00785,CUST0062,2026-03-15,Beauty,Along Beauty,Store_Houston,4,210.97,168.02,True
TXN00786,CUST0046,2025-08-11,Clothing,Century Clothing,Store_Phoenix,3,313.69,1119.52,True
TXN00787,CUST0149,2025-09-30,Electronics,Apply Electronics,Store_LA,2,36.98,704.55,True
TXN00788,CUST0188,2026-02-21,Electronics,Cultural Electronics,Store_Phoenix,5,156.24,1841.57,True
TXN00789,CUST0025,2026-02-10,Electronics,Smile Electronics,Store_Houston,2,89.05,575.92,True
TXN00790,CUST0106,2026-02-18,Home & Kitchen,Owner Home,Store_Phoenix,3,466.43,195.32,False
TXN00791,CUST0123,2026-04-22,Groceries,Character Groceries,Store_Chicago,4,411.93,1519.3,True
TXN00792,CUST0092,2025-06-26,Groceries,Goal Groceries,Store_Houston,2,69.79,1720.22,False
TXN00793,CUST0078,2026-01-17,Beauty,Picture Beauty,Store_Houston,5,112.82,426.01,True
TXN00794,CUST0132,2025-07-05,Electronics,Time Electronics,Store_Phoenix,5,493.72,972.49,False
TXN00795,CUST0073,2025-06-11,Home & Kitchen,Administration Home,Store_Phoenix,3,137.23,1154.53,False
TXN00796,CUST0032,2025-11-24,Clothing,Arrive Clothing,Store_Phoenix,5,253.23,1461.08,False
TXN00797,CUST0122,2025-09-25,Home & Kitchen,Look Home,Store_LA,5,124.03,588.07,True
TXN00798,CUST0108,2025-11-18,Electronics,Thousand Electronics,Store_NYC,1,237.79,1595.5,True
TXN00799,CUST0009,2026-01-18,Beauty,Week Beauty,Store_Houston,4,32.29,705.8,True
TXN00800,CUST0025,2025-06-27,Electronics,Remember Electronics,Store_LA,3,134.66,144.99,False
TXN00801,CUST0188,2026-01-03,Beauty,Exist Beauty,Store_Phoenix,3,385.85,236.54,False
TXN00802,CUST0105,2025-09-02,Groceries,Meeting Groceries,Store_Houston,5,311.84,67.94,True
TXN00803,CUST0182,2026-02-05,Clothing,Else Clothing,Store_Chicago,3,461.92,963.43,False
TXN00804,CUST0076,2026-02-07,Electronics,Sit Electronics,Store_LA,4,86.14,926.63,False
TXN00805,CUST0118,2026-03-12,Home & Kitchen,Land Home,Store_Houston,1,419.2,605.69,False
TXN00806,CUST0141,2025-06-24,Beauty,Garden Beauty,Store_Phoenix,1,112.05,1374.13,False
TXN00807,CUST0040,2025-09-06,Electronics,Hear Electronics,Store_LA,3,421.96,684.91,False
TXN00808,CUST0001,2025-10-18,Beauty,Me Beauty,Store_LA,5,306.79,382.88,True
TXN00809,CUST0053,2026-06-09,Groceries,Rise Groceries,Store_Chicago,1,143.03,182.73,True
TXN00810,CUST0120,2026-03-28,Groceries,Commercial Groceries,Store_Houston,3,115.91,611.61,True
TXN00811,CUST0104,2026-05-20,Groceries,Increase Groceries,Store_NYC,2,457.54,893.11,True
TXN00812,CUST0057,2025-12-26,Home & Kitchen,Personal Home,Store_Phoenix,2,103.2,1848.04,False
TXN00813,CUST0198,2025-07-06,Groceries,Expert Groceries,Store_LA,1,412.85,1876.67,True
TXN00814,CUST0193,2025-12-16,Clothing,Pull Clothing,Store_NYC,4,199.92,1730.97,True
TXN00815,CUST0143,2026-05-09,Electronics,Amount Electronics,Store_Chicago,1,346.66,1192.63,True
TXN00816,CUST0156,2026-01-13,Groceries,Teach Groceries,Store_Houston,1,60.52,1534.7,False
TXN00817,CUST0076,2025-09-10,Electronics,Perhaps Electronics,Store_Phoenix,3,323.04,427.59,True
TXN00818,CUST0196,2025-09-23,Clothing,Should Clothing,Store_Chicago,3,270.82,1547.85,True
TXN00819,CUST0041,2026-01-18,Groceries,Color Groceries,Store_LA,2,144.08,40.36,True
TXN00820,CUST0131,2025-06-30,Clothing,Region Clothing,Store_Phoenix,3,279.19,549.39,False
TXN00821,CUST0072,2025-07-31,Beauty,Identify Beauty,Store_LA,2,44.91,1230.39,False
TXN00822,CUST0028,2025-06-25,Beauty,Age Beauty,Store_Houston,1,73.74,946.76,True
TXN00823,CUST0048,2025-06-23,Electronics,Shake Electronics,Store_Houston,1,52.2,789.91,False
TXN00824,CUST0182,2025-12-23,Beauty,Win Beauty,Store_Chicago,3,172.84,404.31,True
TXN00825,CUST0026,2025-08-19,Home & Kitchen,Event Home,Store_Phoenix,2,55.53,1606.68,False
TXN00826,CUST0038,2026-03-26,Electronics,Soon Electronics,Store_Houston,3,345.39,1423.33,False
TXN00827,CUST0140,2025-10-18,Home & Kitchen,Create Home,Store_LA,2,80.42,1792.44,False
TXN00828,CUST0088,2025-09-07,Groceries,Seven Groceries,Store_Houston,2,352.81,1333.71,False
TXN00829,CUST0116,2025-10-14,Home & Kitchen,Imagine Home,Store_Houston,1,42.03,234.65,False
TXN00830,CUST0035,2025-11-13,Home & Kitchen,Fund Home,Store_LA,3,386.29,1212.84,True
TXN00831,CUST0131,2026-03-28,Beauty,There Beauty,Store_NYC,4,410.6,1595.55,False
TXN00832,CUST0057,2026-05-17,Beauty,System Beauty,Store_NYC,3,271.05,807.62,False
TXN00833,CUST0177,2025-10-28,Clothing,Boy Clothing,Store_Phoenix,2,278.5,1948.04,False
TXN00834,CUST0095,2025-09-21,Electronics,Such Electronics,Store_Chicago,2,408.82,1186.03,False
TXN00835,CUST0105,2026-01-05,Beauty,Among Beauty,Store_Chicago,5,350.13,354.44,True
TXN00836,CUST0110,2026-01-04,Beauty,Join Beauty,Store_Houston,1,300.16,931.19,True
TXN00837,CUST0081,2025-06-24,Home & Kitchen,Bad Home,Store_LA,3,478.38,148.52,True
TXN00838,CUST0076,2026-03-02,Beauty,Pressure Beauty,Store_Houston,3,252.2,1323.73,True
TXN00839,CUST0164,2025-07-04,Clothing,Wide Clothing,Store_LA,5,452.6,1275.9,True
TXN00840,CUST0111,2025-06-29,Clothing,Window Clothing,Store_LA,4,270.32,786.07,False
TXN00841,CUST0181,2025-11-19,Clothing,That Clothing,Store_LA,3,156.87,1590.75,False
TXN00842,CUST0133,2026-02-22,Home & Kitchen,House Home,Store_Chicago,1,295.54,1226.87,False
TXN00843,CUST0151,2025-07-18,Clothing,Forget Clothing,Store_Chicago,1,190.92,1102.28,True
TXN00844,CUST0035,2026-05-08,Electronics,Anything Electronics,Store_Phoenix,3,63.75,571.6,True
TXN00845,CUST0162,2026-06-09,Clothing,Concern Clothing,Store_Houston,5,203.19,643.07,False
TXN00846,CUST0064,2025-08-30,Home & Kitchen,Full Home,Store_Houston,4,277.11,1328.35,False
TXN00847,CUST0096,2026-04-08,Clothing,Health Clothing,Store_LA,5,198.45,1849.72,False
TXN00848,CUST0092,2025-11-27,Clothing,Food Clothing,Store_Chicago,2,75.8,152.77,True
TXN00849,CUST0034,2025-12-16,Clothing,Chair Clothing,Store_Houston,4,487.74,280.19,True
TXN00850,CUST0192,2026-01-08,Home & Kitchen,Difficult Home,Store_Houston,5,465.85,1250.26,False
TXN00851,CUST0192,2026-02-02,Beauty,Think Beauty,Store_Houston,5,411.83,775.58,True
TXN00852,CUST0011,2025-12-09,Clothing,Use Clothing,Store_Houston,5,13.64,1001.33,True
TXN00853,CUST0167,2026-06-01,Beauty,Create Beauty,Store_Chicago,4,464.02,1156.94,True
TXN00854,CUST0154,2026-01-26,Electronics,College Electronics,Store_Phoenix,4,355.39,235.2,False
TXN00855,CUST0183,2025-06-16,Electronics,Blood Electronics,Store_LA,5,491.95,1967.5,False
TXN00856,CUST0081,2025-07-22,Home & Kitchen,Accept Home,Store_Phoenix,1,266.44,1224.04,True
TXN00857,CUST0066,2026-03-17,Home & Kitchen,Why Home,Store_NYC,5,401.07,631.87,True
TXN00858,CUST0084,2026-03-25,Groceries,Mission Groceries,Store_Phoenix,1,239.75,1030.2,False
TXN00859,CUST0167,2026-03-13,Beauty,Country Beauty,Store_Chicago,4,182.93,1955.74,False
TXN00860,CUST0060,2025-07-21,Groceries,Couple Groceries,Store_LA,1,350.58,1199.3,False
TXN00861,CUST0041,2025-09-13,Beauty,Choice Beauty,Store_Chicago,1,318.36,1160.5,True
TXN00862,CUST0097,2025-07-23,Groceries,Store Groceries,Store_Phoenix,1,150.54,174.2,True
TXN00863,CUST0174,2026-02-12,Groceries,Recent Groceries,Store_Chicago,2,311.74,557.68,False
TXN00864,CUST0083,2025-07-21,Electronics,Degree Electronics,Store_NYC,5,95.56,1187.62,True
TXN00865,CUST0178,2025-08-26,Home & Kitchen,Down Home,Store_Chicago,2,138.01,1404.54,False
TXN00866,CUST0096,2026-04-08,Clothing,Black Clothing,Store_Phoenix,1,178.0,177.96,True
TXN00867,CUST0191,2025-11-08,Beauty,Decision Beauty,Store_LA,4,378.85,831.77,False
TXN00868,CUST0119,2026-02-18,Clothing,Contain Clothing,Store_Houston,2,113.32,1471.38,False
TXN00869,CUST0153,2025-10-28,Electronics,Single Electronics,Store_Chicago,1,35.74,933.39,False
TXN00870,CUST0133,2026-03-30,Groceries,Three Groceries,Store_Houston,5,124.49,1370.18,False
TXN00871,CUST0151,2026-04-11,Home & Kitchen,Why Home,Store_Chicago,2,269.92,875.12,False
TXN00872,CUST0126,2025-09-15,Home & Kitchen,Finally Home,Store_Houston,3,481.26,1368.92,True
TXN00873,CUST0169,2025-07-25,Electronics,Strategy Electronics,Store_Phoenix,3,478.53,869.25,False
TXN00874,CUST0192,2025-10-04,Groceries,Argue Groceries,Store_Chicago,3,403.14,518.13,False
TXN00875,CUST0144,2026-01-11,Home & Kitchen,Writer Home,Store_LA,5,387.54,1044.71,True
TXN00876,CUST0078,2025-09-09,Groceries,Down Groceries,Store_Phoenix,1,339.67,1665.06,True
TXN00877,CUST0020,2026-04-21,Home & Kitchen,Share Home,Store_NYC,5,60.91,897.42,True
TXN00878,CUST0054,2025-09-09,Groceries,Group Groceries,Store_Chicago,2,26.68,1242.6,True
TXN00879,CUST0143,2025-06-26,Beauty,Participant Beauty,Store_LA,5,322.66,1419.07,True
TXN00880,CUST0131,2025-07-25,Electronics,Key Electronics,Store_Phoenix,2,194.22,1530.08,True
TXN00881,CUST0155,2026-02-18,Electronics,Body Electronics,Store_LA,3,154.34,1324.35,True
TXN00882,CUST0160,2025-09-29,Home & Kitchen,Discover Home,Store_Chicago,4,349.19,1338.48,False
TXN00883,CUST0181,2026-06-06,Groceries,Loss Groceries,Store_LA,1,145.87,134.15,False
TXN00884,CUST0141,2026-05-03,Groceries,Thus Groceries,Store_NYC,3,478.25,536.68,False
TXN00885,CUST0001,2025-12-25,Electronics,Candidate Electronics,Store_Houston,2,309.05,365.1,False
TXN00886,CUST0041,2026-02-17,Electronics,Onto Electronics,Store_LA,5,386.67,444.59,True
TXN00887,CUST0054,2025-11-05,Home & Kitchen,Talk Home,Store_Chicago,1,27.08,150.12,False
TXN00888,CUST0190,2026-04-09,Home & Kitchen,Professor Home,Store_NYC,4,82.94,1284.27,True
TXN00889,CUST0063,2026-05-07,Home & Kitchen,Event Home,Store_Chicago,2,353.03,1810.19,True
TXN00890,CUST0119,2026-04-02,Beauty,Wear Beauty,Store_Houston,4,223.67,1689.66,True
TXN00891,CUST0143,2025-06-28,Beauty,Wish Beauty,Store_LA,1,198.37,1381.63,False
TXN00892,CUST0025,2025-12-26,Electronics,Step Electronics,Store_Phoenix,5,468.17,724.25,False
TXN00893,CUST0070,2025-08-03,Home & Kitchen,Outside Home,Store_NYC,1,189.02,1708.15,False
TXN00894,CUST0053,2026-02-19,Electronics,Official Electronics,Store_Houston,3,327.42,361.47,True
TXN00895,CUST0169,2026-02-24,Home & Kitchen,Interesting Home,Store_LA,3,350.98,1793.96,False
TXN00896,CUST0082,2026-04-08,Home & Kitchen,Carry Home,Store_NYC,4,370.31,288.49,True
TXN00897,CUST0042,2025-11-01,Electronics,Professional Electronics,Store_Phoenix,2,249.72,135.36,False
TXN00898,CUST0096,2026-03-30,Home & Kitchen,Technology Home,Store_Phoenix,4,483.62,42.67,False
TXN00899,CUST0131,2025-11-20,Electronics,Cold Electronics,Store_Chicago,1,208.7,431.24,False
TXN00900,CUST0105,2025-11-09,Beauty,Front Beauty,Store_LA,5,124.16,153.35,True
TXN00901,CUST0072,2026-01-23,Home & Kitchen,Turn Home,Store_NYC,4,454.52,1240.56,True
TXN00902,CUST0125,2026-02-09,Clothing,Yourself Clothing,Store_NYC,2,320.0,1810.28,True
TXN00903,CUST0027,2026-04-06,Home & Kitchen,More Home,Store_Phoenix,2,419.32,137.28,True
TXN00904,CUST0167,2026-03-03,Electronics,Authority Electronics,Store_Houston,5,401.6,448.94,True
TXN00905,CUST0003,2025-09-20,Home & Kitchen,Support Home,Store_Chicago,4,168.88,1951.95,True
TXN00906,CUST0153,2025-09-18,Groceries,Character Groceries,Store_LA,1,300.61,677.65,True
TXN00907,CUST0099,2026-05-31,Groceries,Together Groceries,Store_LA,4,92.34,746.16,True
TXN00908,CUST0190,2025-10-24,Home & Kitchen,Born Home,Store_LA,5,29.94,208.94,False
TXN00909,CUST0120,2025-09-02,Clothing,College Clothing,Store_NYC,4,49.55,24.38,True
TXN00910,CUST0111,2025-09-25,Beauty,Give Beauty,Store_Chicago,4,349.82,1586.56,False
TXN00911,CUST0081,2025-10-18,Clothing,Political Clothing,Store_LA,2,323.51,1050.94,False
TXN00912,CUST0013,2026-04-02,Clothing,Source Clothing,Store_LA,5,348.92,1196.58,False
TXN00913,CUST0115,2025-12-01,Beauty,Arrive Beauty,Store_NYC,3,180.45,19.09,True
TXN00914,CUST0142,2025-06-20,Clothing,In Clothing,Store_NYC,5,488.63,1241.65,True
TXN00915,CUST0150,2025-06-22,Home & Kitchen,Thought Home,Store_LA,3,36.0,234.23,True
TXN00916,CUST0034,2025-07-17,Home & Kitchen,Certainly Home,Store_Houston,2,88.28,1846.12,True
TXN00917,CUST0192,2025-07-31,Groceries,President Groceries,Store_Chicago,2,222.99,675.25,False
TXN00918,CUST0119,2025-10-07,Electronics,Environment Electronics,Store_NYC,1,463.18,360.02,True
TXN00919,CUST0177,2025-11-13,Home & Kitchen,Rather Home,Store_Phoenix,1,44.72,478.25,False
TXN00920,CUST0106,2025-12-19,Beauty,Condition Beauty,Store_Phoenix,3,215.34,1496.7,False
TXN00921,CUST0007,2025-10-09,Clothing,Role Clothing,Store_NYC,3,121.61,481.87,False
TXN00922,CUST0200,2025-07-11,Clothing,Best Clothing,Store_Houston,2,46.03,1174.33,True
TXN00923,CUST0025,2025-11-12,Home & Kitchen,Small Home,Store_LA,2,464.66,915.43,False
TXN00924,CUST0058,2025-10-12,Groceries,Nor Groceries,Store_LA,4,362.71,1267.72,False
TXN00925,CUST0059,2025-08-25,Clothing,Walk Clothing,Store_Chicago,2,25.73,1141.65,False
TXN00926,CUST0066,2025-09-29,Clothing,Game Clothing,Store_NYC,4,234.7,350.69,False
TXN00927,CUST0119,2026-05-07,Clothing,Break Clothing,Store_Chicago,5,86.83,1591.19,True
TXN00928,CUST0104,2025-10-05,Beauty,Take Beauty,Store_Phoenix,2,52.37,1715.38,False
TXN00929,CUST0127,2025-08-02,Clothing,Ok Clothing,Store_Phoenix,4,420.12,565.55,False
TXN00930,CUST0108,2025-10-21,Clothing,Sell Clothing,Store_LA,3,222.78,452.59,True
TXN00931,CUST0103,2026-02-02,Beauty,From Beauty,Store_NYC,4,490.29,89.72,False
TXN00932,CUST0164,2025-06-19,Beauty,Idea Beauty,Store_NYC,4,270.25,963.75,True
TXN00933,CUST0132,2026-01-12,Home & Kitchen,Full Home,Store_Houston,2,50.71,1508.63,False
TXN00934,CUST0040,2025-12-25,Clothing,Person Clothing,Store_LA,3,154.94,1298.8,True
TXN00935,CUST0130,2026-04-17,Electronics,In Electronics,Store_Houston,3,89.28,923.97,True
TXN00936,CUST0142,2026-03-31,Home & Kitchen,Outside Home,Store_Houston,2,438.36,816.67,False
TXN00937,CUST0134,2026-01-01,Home & Kitchen,Kid Home,Store_NYC,1,198.59,1384.59,True
TXN00938,CUST0175,2025-07-28,Groceries,Wrong Groceries,Store_Houston,3,352.05,1228.88,True
TXN00939,CUST0181,2025-06-29,Electronics,Of Electronics,Store_Phoenix,3,370.52,119.08,False
TXN00940,CUST0056,2025-07-17,Electronics,Movie Electronics,Store_NYC,4,189.14,1242.08,False
TXN00941,CUST0110,2025-07-12,Groceries,Alone Groceries,Store_LA,5,355.39,1125.91,True
TXN00942,CUST0170,2025-12-28,Clothing,Cause Clothing,Store_Chicago,2,274.42,1301.59,True
TXN00943,CUST0168,2025-07-07,Clothing,Put Clothing,Store_Chicago,3,449.99,1012.1,False
TXN00944,CUST0039,2026-04-09,Groceries,Suffer Groceries,Store_NYC,1,192.68,910.3,True
TXN00945,CUST0195,2025-06-11,Home & Kitchen,Offer Home,Store_Phoenix,5,450.73,909.44,False
TXN00946,CUST0163,2025-06-27,Electronics,Sister Electronics,Store_LA,4,52.78,787.46,True
TXN00947,CUST0169,2025-12-09,Groceries,Music Groceries,Store_NYC,1,90.74,232.93,True
TXN00948,CUST0195,2025-08-03,Home & Kitchen,Full Home,Store_LA,2,265.14,1258.28,False
TXN00949,CUST0140,2026-03-16,Home & Kitchen,Training Home,Store_Phoenix,2,242.21,846.06,True
TXN00950,CUST0091,2025-08-14,Groceries,Country Groceries,Store_LA,1,20.8,1605.96,False
TXN00951,CUST0118,2026-05-20,Home & Kitchen,Consumer Home,Store_Phoenix,3,331.32,1575.78,False
TXN00952,CUST0062,2025-08-01,Beauty,Suggest Beauty,Store_Phoenix,5,228.18,615.12,True
TXN00953,CUST0155,2025-09-18,Groceries,Account Groceries,Store_LA,3,121.12,750.09,False
TXN00954,CUST0082,2025-08-30,Electronics,Resource Electronics,Store_LA,3,149.35,1912.87,True
TXN00955,CUST0173,2026-02-28,Beauty,Sort Beauty,Store_Chicago,2,486.87,1680.27,True
TXN00956,CUST0116,2025-08-17,Clothing,Team Clothing,Store_LA,1,30.16,640.09,True
TXN00957,CUST0151,2026-03-06,Home & Kitchen,Become Home,Store_Chicago,3,100.4,1129.35,True
TXN00958,CUST0164,2025-06-12,Groceries,Season Groceries,Store_Chicago,2,192.73,1084.33,True
TXN00959,CUST0189,2026-05-18,Beauty,Reason Beauty,Store_Chicago,1,461.01,815.08,False
TXN00960,CUST0015,2026-03-20,Clothing,Return Clothing,Store_Houston,3,86.47,1940.6,False
TXN00961,CUST0005,2025-11-16,Groceries,Lot Groceries,Store_Houston,3,485.11,1510.78,True
TXN00962,CUST0093,2025-07-09,Beauty,Almost Beauty,Store_Houston,3,347.68,1465.96,True
TXN00963,CUST0045,2025-08-26,Clothing,Cut Clothing,Store_Phoenix,1,160.96,809.24,True
TXN00964,CUST0186,2026-04-26,Home & Kitchen,Occur Home,Store_Chicago,1,169.92,1220.22,True
TXN00965,CUST0187,2026-04-06,Beauty,Culture Beauty,Store_Phoenix,2,392.83,1536.52,True
TXN00966,CUST0180,2026-05-05,Electronics,Each Electronics,Store_NYC,5,426.23,1357.36,True
TXN00967,CUST0100,2026-04-23,Beauty,Adult Beauty,Store_Houston,2,250.33,1210.31,True
TXN00968,CUST0142,2026-04-16,Groceries,Already Groceries,Store_Houston,2,360.82,861.0,False
TXN00969,CUST0084,2026-01-31,Groceries,Dinner Groceries,Store_NYC,3,179.01,623.09,False
TXN00970,CUST0045,2026-02-08,Beauty,Authority Beauty,Store_NYC,2,366.65,894.0,False
TXN00971,CUST0053,2026-05-11,Home & Kitchen,Maybe Home,Store_Chicago,2,404.78,1941.02,False
TXN00972,CUST0186,2025-11-17,Home & Kitchen,Certainly Home,Store_LA,5,302.99,295.84,False
TXN00973,CUST0134,2025-06-23,Home & Kitchen,Hard Home,Store_Phoenix,3,42.4,1920.59,False
TXN00974,CUST0165,2026-04-22,Electronics,Store Electronics,Store_NYC,4,323.01,553.92,True
TXN00975,CUST0033,2025-10-26,Beauty,Organization Beauty,Store_Houston,5,380.07,282.48,True
TXN00976,CUST0123,2025-08-01,Home & Kitchen,Data Home,Store_Chicago,5,250.39,1647.37,False
TXN00977,CUST0157,2025-12-31,Beauty,Public Beauty,Store_Chicago,4,284.05,932.27,True
TXN00978,CUST0100,2026-03-21,Electronics,Try Electronics,Store_LA,3,157.08,1284.7,False
TXN00979,CUST0163,2025-07-18,Electronics,Make Electronics,Store_Chicago,4,97.89,1814.52,True
TXN00980,CUST0057,2025-09-14,Electronics,Population Electronics,Store_NYC,3,251.59,1941.54,False
TXN00981,CUST0167,2026-01-09,Beauty,Artist Beauty,Store_Houston,5,223.67,523.24,False
TXN00982,CUST0101,2026-05-27,Electronics,Star Electronics,Store_Chicago,5,369.15,44.91,False
TXN00983,CUST0130,2025-09-12,Clothing,Green Clothing,Store_Phoenix,1,81.61,927.48,True
TXN00984,CUST0028,2025-12-04,Groceries,Consumer Groceries,Store_LA,1,143.61,844.83,False
TXN00985,CUST0085,2025-09-06,Electronics,Morning Electronics,Store_Chicago,3,269.51,1873.27,True
TXN00986,CUST0035,2026-05-27,Clothing,Quickly Clothing,Store_NYC,5,378.79,1091.99,False
TXN00987,CUST0015,2025-11-14,Groceries,Likely Groceries,Store_Chicago,3,56.96,1164.29,True
TXN00988,CUST0130,2025-12-08,Electronics,Have Electronics,Store_LA,5,147.89,1559.83,False
TXN00989,CUST0104,2026-05-03,Groceries,Task Groceries,Store_LA,1,116.76,1011.73,True
TXN00990,CUST0048,2026-05-14,Beauty,Local Beauty,Store_Phoenix,5,424.57,1427.97,True
TXN00991,CUST0040,2025-06-30,Home & Kitchen,Focus Home,Store_Houston,1,67.12,271.15,True
TXN00992,CUST0004,2025-07-04,Home & Kitchen,Agency Home,Store_Chicago,3,348.61,286.64,False
TXN00993,CUST0085,2025-08-15,Beauty,Film Beauty,Store_Phoenix,3,94.38,616.32,True
TXN00994,CUST0171,2025-10-30,Clothing,Game Clothing,Store_LA,2,347.14,621.78,True
TXN00995,CUST0062,2025-12-13,Clothing,Key Clothing,Store_NYC,4,348.5,1570.22,True
TXN00996,CUST0153,2025-10-12,Electronics,Receive Electronics,Store_Houston,4,30.83,224.56,True
TXN00997,CUST0096,2025-06-10,Home & Kitchen,Able Home,Store_NYC,3,31.21,610.28,True
TXN00998,CUST0117,2026-06-07,Electronics,Change Electronics,Store_NYC,5,110.65,1803.34,True
TXN00999,CUST0106,2025-08-26,Groceries,Green Groceries,Store_NYC,1,81.32,1494.93,False
TXN01000,CUST0058,2026-05-06,Beauty,Girl Beauty,Store_Chicago,3,88.67,1006.26,True
